id,produto,funcionarios,vendas,clientes,preco,estoque
1,"Soup - Campbells, Butternut",Nathalie Peatt,$928.08,Sebastiano Satteford,$706.23,869
2,"Trout - Hot Smkd, Dbl Fillet",Dante Watton,$467.94,Melisande Kinsell,$520.26,673
3,Rosemary - Dry,Clemmie Trighton,$499.81,Emmaline Sumers,$464.30,106
4,Coffee - Flavoured,Joyan Atteridge,$100.25,Kerby Kemer,$401.55,928
5,Wine - Pinot Noir Latour,Culver Winchcomb,$761.29,Jennica Harpham,$529.60,934
6,Filling - Mince Meat,Kissee Baltzar,$812.23,Evangelin McCray,$489.41,894
7,Chocolate - Mi - Amere Semi,Ginger Smith,$238.17,Iolande Collerd,$875.54,450
8,"Apple - Delicious, Golden",Herc Killingbeck,$13.51,Godard Cawtheray,$678.07,277
9,Cabbage - Nappa,Yorker MacTague,$356.07,Salomi Camilli,$285.27,93
10,Sultanas,Cordey Saddington,$346.27,Doris McKibben,$203.79,10
11,Pepper - Pablano,Harry De Haven,$167.15,Lucio Buckwell,$746.13,586
12,Duck - Whole,Teodorico Pleming,$829.01,Lurline MacCartan,$355.14,607
13,Ezy Change Mophandle,Aleen Sucre,$475.16,Lindy Titterell,$739.55,736
14,Lettuce - Boston Bib,Eulalie Lago,$911.57,Binny Barszczewski,$554.71,366
15,Sole - Fillet,Clem Le feaver,$728.17,Darnell Hatje,$683.28,699
16,Flour Pastry Super Fine,Collin Shackelton,$705.27,Arri Brolan,$769.83,951
17,Red Currants,Taddeo Bene,$305.39,Noland Fakes,$254.34,756
18,"Nut - Hazelnut, Whole",Maddalena Shemelt,$908.92,Gertruda Duffitt,$794.25,30
19,Gloves - Goldtouch Disposable,Marius Hailwood,$513.48,Tina Sybe,$698.17,597
20,Container - Hngd Cll Blk 7x7x3,Pablo Bassingden,$926.21,Mandi Duiged,$595.27,5
21,Beef - Short Loin,Elliot Ciepluch,$197.18,Calli Krzysztof,$364.22,273
22,"Crush - Orange, 355ml",Alonzo Yarwood,$500.63,Gussi Bilfoot,$194.00,858
23,Cheese - Parmesan Cubes,Zsazsa Rennox,$377.38,Yoshi Rudolph,$485.21,563
24,Madeira,Berke Stutard,$330.18,Carter Stoves,$868.46,866
25,"Lamb - Leg, Diced",Rhea Roddick,$400.40,Helaine McKellar,$594.52,256
26,Cheese Cloth,Glynis Philot,$340.84,Gunilla Cordeau,$876.21,92
27,Pumpkin - Seed,Mart Ganley,$103.52,Maggie Ritmeier,$627.39,860
28,Vanilla Beans,Alanah Lavelle,$913.45,Forster Huckin,$626.62,282
29,"Wine - Red, Mouton Cadet",Lisetta Wimbridge,$723.73,Mendy Caherny,$719.11,506
30,"Oranges - Navel, 72",Tobit Scandwright,$272.72,Cahra Arnke,$432.55,201
31,Melon - Cantaloupe,Megen Dunge,$268.53,Hailee Cranch,$530.37,268
32,Tomatoes - Roma,Peirce Kantor,$69.94,Gilda Halversen,$486.79,405
33,Apple - Northern Spy,Barth Dyson,$435.13,Svend Wapplington,$539.67,311
34,True - Vue Containers,Elita Imlach,$815.91,Halsey Cleobury,$136.42,675
35,"Juice - V8, Tomato",Monty Chasemore,$570.21,Innis Frankcomb,$794.98,183
36,Water - Perrier,Welch Spohr,$961.94,Archie Harry,$390.98,353
37,Wine - Chianti Classica Docg,Marybeth Deerr,$608.76,Guinna Hutable,$27.45,749
38,Brandy Apricot,Billy Legging,$320.20,Ivonne Persence,$502.31,243
39,Cheese - Parmesan Grated,Joli Selliman,$522.90,Lauren Fransinelli,$361.56,224
40,Kiwi,Bendicty Worshall,$903.70,Gretel Dmisek,$162.87,357
41,Carrots - Mini Red Organic,Devlen Maffiotti,$890.46,Cyril Amorine,$907.10,58
42,Lid Coffeecup 12oz D9542b,Alano Swatradge,$583.79,Dorolice Cremen,$937.95,263
43,Spice - Pepper Portions,Vicki Gudyer,$289.00,Alvinia Gipson,$772.18,400
44,Chevril,Kathi Simonetto,$709.31,Ashbey Birtwell,$310.88,246
45,Flower - Commercial Spider,Hiram Gaven,$699.84,Marylynne Hannant,$134.77,968
46,Sage Derby,Alexandra Rawdall,$954.12,Davine Castanie,$970.21,1
47,Chicken Breast Halal,Belvia Macallam,$118.38,Aubrie Upshall,$274.20,172
48,Pepper - Red Chili,Rebekkah Lumbly,$138.14,Athene Greneham,$195.29,132
49,Appetizer - Crab And Brie,Lebbie Earles,$166.26,Horace Curdell,$438.68,192
50,Fruit Salad Deluxe,Silvain Elcoux,$101.82,Joli Elletson,$93.55,148
51,Cheese - Stilton,Jemmy Ricioppo,$346.67,Anya Beet,$922.90,29
52,Pork - Smoked Back Bacon,Thekla Claybourn,$400.23,Philip Boarleyson,$649.19,634
53,Coffee - Frthy Coffee Crisp,Alix Arthy,$509.05,Audrye Antosik,$24.65,818
54,Nantucket - Carrot Orange,Frasquito Cane,$494.78,Omero Bonner,$392.71,363
55,Goldschalger,Juieta Wheelton,$123.55,Donall Eldon,$33.89,890
56,Sambuca - Ramazzotti,Dalila Yellowley,$719.36,Maryanne Onele,$361.79,652
57,Sherbet - Raspberry,Christye Dumigan,$527.86,Christean Drew-Clifton,$244.11,611
58,"Bread - Bagels, Mini",Marlow Stenbridge,$926.16,Jackie MacGuigan,$883.36,881
59,Capicola - Hot,Amalita Salkeld,$141.38,Ericha Tape,$339.09,720
60,Langers - Cranberry Cocktail,Sky Sherwood,$233.53,Constanta Rossander,$638.12,876
61,Wine - Redchard Merritt,Ashley McGahey,$839.04,Rudd Mocher,$148.14,928
62,Cheese - Oka,Joannes Mellmoth,$494.02,Retha Swiffin,$784.75,47
63,Mushroom - Chanterelle Frozen,Robb Moulden,$880.47,Juanita Boggon,$596.03,350
64,Juice - Cranberry 284ml,Perry Endean,$774.39,Cindi Sutcliff,$61.49,151
65,Sambuca Cream,Arv Rablen,$509.64,Geri Le feuvre,$864.22,919
66,Magnotta - Bel Paese White,Nessy Croshaw,$374.89,Zachariah MacGilmartin,$891.76,80
67,Alize Sunset,Deena Trowsdall,$790.92,Carlota Josskoviz,$48.10,173
68,Lid Tray - 12in Dome,Sallee Riccardelli,$190.74,Alexa Pusey,$366.68,454
69,Appetizer - Veg Assortment,Karlyn Skamell,$909.64,Neill Falshaw,$704.78,464
70,Bread - Rye,Prinz Leinster,$828.46,Hayes Coutthart,$685.70,742
71,"Rum - Dark, Bacardi, Black",Jessamine Lebang,$159.57,Harley Capenor,$16.78,464
72,"Roe - Lump Fish, Red",Terry Pelzer,$567.28,Terrel Millichap,$793.84,811
73,"Roe - Lump Fish, Red",Frankie Olyff,$276.28,Robinet Furman,$984.56,362
74,Oxtail - Cut,Kiah Kleisel,$874.94,Terza Pigrome,$60.12,40
75,"Bread - Roll, Whole Wheat",Simeon Klus,$33.76,Linnie Himpson,$657.64,645
76,Glass - Juice Clear 5oz 55005,Odille Branca,$328.40,Zonda Franzoli,$215.78,105
77,Wine - Shiraz Wolf Blass Premium,Alano Eastcott,$899.60,Novelia Nelthrop,$162.57,928
78,Soup Campbells,Maggee Danilchev,$919.09,Carney McKeevers,$991.78,180
79,Towel Dispenser,Neille Brayshaw,$869.62,Marne Scedall,$555.41,107
80,Appetizer - Cheese Bites,Wolfie Blumson,$450.79,Agneta Zotto,$614.56,424
81,Soup - Chicken And Wild Rice,Kristoforo MacAnelley,$688.71,Yale Shovlin,$940.83,941
82,Stainless Steel Cleaner Vision,Dianne Gornall,$812.98,Atlante Longforth,$594.39,279
83,"Bread - Roll, Whole Wheat",Jeni Adamec,$493.50,Sianna Malia,$474.14,177
84,Puree - Pear,Adelice New,$558.01,Patin Elsom,$919.05,202
85,Garlic - Peeled,Aretha Sturzaker,$319.39,Lilias Katte,$435.55,111
86,"Brocolinni - Gaylan, Chinese",Ellissa Nellis,$738.81,Larissa Ledstone,$47.92,199
87,Beef - Salted,Gilburt Rohlfs,$126.90,Kerr Pecht,$311.36,142
88,Wine - Alsace Riesling Reserve,Thain Coumbe,$84.97,Glenna Robiou,$828.42,60
89,Soup Campbells - Italian Wedding,Ned Riccardi,$525.23,Dulci Choake,$727.07,231
90,"Seedlings - Mix, Organic",Danell Hattersley,$384.99,Meris Skewis,$446.39,706
91,"Beef - Tenderlion, Center Cut",Fianna Toffanelli,$29.68,Giselbert Reuss,$742.01,749
92,Soup Bowl Clear 8oz92008,Angelina Dorton,$683.57,Jeanine Stallybrass,$300.21,799
93,Longos - Chicken Curried,Morgan Longfoot,$908.53,Casi Brumwell,$216.44,542
94,Tomato - Green,Michel Skully,$246.36,Maiga Kinahan,$632.88,939
95,Bar Nature Valley,Allianora Normington,$464.93,Mark Dallaghan,$116.87,884
96,Cotton Wet Mop 16 Oz,Truman Jeays,$177.54,Marieann Pughsley,$791.64,861
97,Tobasco Sauce,Sheilah Johnston,$655.22,Noelani Offin,$896.88,575
98,Scallops - In Shell,Maryrose Massow,$82.49,Sophronia Healey,$706.84,909
99,Munchies Honey Sweet Trail Mix,Teodoor Dabbes,$559.49,Tandi Espin,$40.93,906
100,Oil - Peanut,Esta Kesper,$438.18,Rachele McIlhone,$334.82,371
101,"Bread - Roll, Canadian Dinner",April Duffree,$832.05,Noach Leman,$347.39,291
102,Propel Sport Drink,Milly Potteridge,$575.40,Rhett Oganesian,$981.74,626
103,Taro Leaves,Haleigh Buard,$827.21,Fara Rideout,$542.37,290
104,Pork Ham Prager,Emilia Harmes,$196.90,Alfi Conkie,$822.81,407
105,Bar Bran Honey Nut,Patience Sewall,$388.03,Christine De Ambrosis,$212.42,787
106,Oven Mitt - 13 Inch,Jedidiah O'Fihillie,$808.75,Lorette Colville,$279.92,256
107,Wine - Prosecco Valdobiaddene,Odelinda Faich,$281.07,Adore Clevely,$895.29,859
108,"Pork - Butt, Boneless",Gabey Skrine,$416.48,Morganne Trask,$902.32,255
109,Versatainer Nc - 9388,Robin Caizley,$434.09,Noak Gaye,$731.88,132
110,Bread - Corn Muffaleta Onion,Frants Ubsdall,$51.76,Reta MacCrosson,$784.16,626
111,Milk - Condensed,Evered O'Hagirtie,$388.14,Ash Baudic,$161.01,385
112,Turkey - Ground. Lean,Igor Freyn,$776.82,Enrique Thorn,$441.12,316
113,Muffin Mix - Blueberry,Fenelia Jagiela,$462.54,Malanie Espie,$850.16,487
114,"Vermacelli - Sprinkles, Assorted",Haily Ackerley,$729.63,Keane Rubenovic,$280.70,839
115,Island Oasis - Raspberry,Fina Rand,$237.24,Thorn Tall,$755.45,206
116,Mints - Striped Red,Lek Haysey,$503.43,Othilie Casterou,$357.68,210
117,Pears - Fiorelle,Gal Wearing,$777.45,Emogene Inglesent,$981.29,969
118,Table Cloth 90x90 White,Wini Izzatt,$409.36,Ula Feldmark,$717.38,219
119,Beans - Fava Fresh,Tracey Gawthrop,$156.40,Evie Emblen,$162.43,328
120,Sandwich Wrap,Susannah Gecke,$163.09,Chick Barrat,$73.68,271
121,"Wine - Red, Cabernet Merlot",Adolpho Varrow,$632.13,Basil Ramsell,$20.46,730
122,Oil - Avocado,Dukey Gunson,$480.65,Garrek Moxted,$462.23,953
123,Pepper - Pablano,Cliff Fumagalli,$73.04,Magdalena Cestard,$560.55,310
124,Table Cloth 90x90 Colour,Corene Bedle,$364.79,Philbert Oliveti,$118.32,920
125,Bread - Focaccia Quarter,Quillan Obee,$439.29,Rebbecca Breem,$169.05,734
126,"Coffee - Colombian, Portioned",Nixie Bennedick,$382.26,Peria Aven,$778.49,496
127,Ham - Proscuitto,Emogene Grigore,$672.56,Renata Paskerful,$598.88,534
128,Bread - Crusty Italian Poly,Vivyan Pringer,$736.68,Joachim Swale,$748.46,62
129,"Tart Shells - Sweet, 4",Enos De Gogay,$536.11,Bondy Crompton,$922.95,902
130,Lemonade - Pineapple Passion,Hector Swaite,$997.16,Audi Stares,$139.98,257
131,Remy Red,Waly Redgate,$859.05,Luz Stephenson,$744.64,462
132,Baking Soda,Merilyn Archdeacon,$333.17,Lexi Klais,$930.14,722
133,Table Cloth 54x54 Colour,Arin Itzkovitch,$124.33,Steffie Quemby,$367.70,684
134,Muffin - Mix - Bran And Maple 15l,Babbie Rea,$750.90,Paola Cordeux,$406.77,734
135,Mace,Dita Lambe,$448.65,Pattie Winear,$81.72,652
136,Steampan - Half Size Shallow,Ros Santorini,$387.61,Lorrin Kernock,$357.52,388
137,"Gingerale - Schweppes, 355 Ml",Graham Windross,$247.41,Chicky Habbes,$928.24,559
138,Chef Hat 25cm,Georgine Janton,$431.37,Sally Mountfort,$328.58,571
139,"Doilies - 5, Paper",Bili Gypps,$376.93,Gavra Fillon,$125.06,385
140,Blouse / Shirt / Sweater,Kylie Donner,$691.00,Trip Carnew,$410.14,222
141,Apples - Spartan,Adolpho Brookzie,$619.35,Karim O'Currigan,$757.51,258
142,"Chocolate - Semi Sweet, Calets",Pegeen Falkous,$427.62,Virgie Claricoats,$657.66,533
143,Flax Seed,Vinson Waison,$549.38,Harcourt Brideau,$504.07,31
144,"Veal - Tenderloin, Untrimmed",Pet Yerrington,$740.26,Silvio Harwin,$493.96,696
145,Port - 74 Brights,Rora Bennell,$699.93,Ree Palk,$698.90,693
146,Nantucket - Carrot Orange,Yvonne Kimmince,$263.57,Magda Squirrel,$680.96,435
147,Food Colouring - Red,Andie Gudgeon,$277.21,Julienne Dufer,$276.22,769
148,Muffin Orange Individual,Arlina Hazlegrove,$567.26,Jeniffer Blakeway,$685.19,754
149,Ice Cream Bar - Oreo Cone,Matilde Haddacks,$407.26,Merla Krollmann,$296.67,732
150,Wine - Beaujolais Villages,Bradney Nalder,$745.54,Julieta Wilmot,$424.84,519
151,Couscous,Leodora Clancy,$656.77,Dieter Giercke,$533.52,141
152,Cake - Cheese Cake 9 Inch,Vinny Rayhill,$803.32,Gunther Leverson,$766.95,979
153,"Cheese - Mozzarella, Shredded",Abigale Steed,$498.21,Burr Endicott,$7.33,74
154,Pepper - Scotch Bonnet,Edmon Scrinage,$80.01,Ebba Hutsby,$240.00,882
155,"Pasta - Penne, Rigate, Dry",Allx Iscowitz,$41.83,Guglielma Casserly,$115.99,803
156,Black Currants,Kai Bartolomeo,$680.86,Amalita McShane,$490.47,287
157,Smirnoff Green Apple Twist,Zenia Longstreeth,$711.64,Gallagher Romushkin,$512.79,227
158,Pork Casing,Ezri Comerford,$710.48,Garner Pawden,$645.54,269
159,"Soup - Knorr, Classic Can. Chili",Krishnah Chastaing,$528.38,Bernarr Threadgould,$139.22,761
160,Parsley Italian - Fresh,Way Fitt,$109.22,Dalia Goodsir,$748.84,954
161,Napkin Colour,Derk Sahnow,$903.47,Ruth Nouch,$728.97,58
162,"Croissant, Raw - Mini",Jessy Titheridge,$490.03,Winifield Broad,$685.76,38
163,Chocolate Bar - Smarties,Marielle Formoy,$998.62,Laraine Sucre,$656.29,779
164,"Pasta - Lasagne, Fresh",Barbie Gooderidge,$78.88,Adelind Croley,$396.25,495
165,"Wine - White, Riesling, Semi - Dry",Tamma Lulham,$9.18,Caroljean Dymock,$151.41,235
166,Spring Roll Wrappers,Brittaney Elsworth,$883.30,Vaughn Quernel,$34.98,408
167,Gatorade - Cool Blue Raspberry,Fernandina Fedder,$643.79,Gan Dall,$805.54,950
168,"Zucchini - Mini, Green",Chery Bennellick,$792.65,Emory Gredden,$261.49,295
169,Snapple - Mango Maddness,Royall McIlharga,$635.19,Aleksandr Realph,$23.33,116
170,Lamb Tenderloin Nz Fr,Stacy Connikie,$420.99,Sayers Sekulla,$959.03,780
171,Nantucket - Carrot Orange,Letti Gai,$758.90,Nathaniel Cutler,$595.51,771
172,Beef - Top Sirloin,Leif Winchcum,$835.27,Julita Grelak,$630.27,631
173,Chutney Sauce - Mango,Stephannie Stanyland,$491.84,Annabell Heatlie,$823.91,677
174,"Beef - Ox Tongue, Pickled",Zebedee Iannuzzi,$328.66,Sherill Kerman,$475.47,166
175,"Trout - Rainbow, Fresh",Shepperd Esselin,$111.03,Rasia Gaffney,$700.86,689
176,True - Vue Containers,Ode Soda,$248.07,Alford Greenin,$745.78,638
177,"Bread - Roll, Soft White Round",Andrei Doggett,$382.28,Taylor Hannent,$416.99,375
178,"Red Snapper - Fresh, Whole",Lorant Hansard,$996.40,Scotty Jebb,$934.60,833
179,Appetizer - Cheese Bites,Deane Oller,$15.08,Shelli Alesbrook,$955.51,499
180,"Fish - Scallops, Cold Smoked",Violette Beagley,$735.64,Briggs Allans,$946.96,520
181,Spic And Span All Purpose,Veriee Cashman,$840.81,Nicoli Ricciardello,$620.11,243
182,Extract - Almond,Susan Ankrett,$856.88,Siffre Dargue,$776.18,664
183,Sponge Cake Mix - Vanilla,Leonidas Dassindale,$276.58,Glen Hotson,$67.69,790
184,Sobe - Cranberry Grapefruit,Paolina Laborde,$563.99,Nissa Castelyn,$101.57,237
185,Sauce - Marinara,Georgie Patullo,$949.35,Gabriela Kowal,$319.36,218
186,Beans - Fava Fresh,Isidor Checketts,$155.92,Arlin Drover,$188.33,429
187,Pork Ham Prager,Lindsay Royan,$96.08,Sharron Lachaize,$131.27,374
188,V8 - Tropical Blend,Beau Ensor,$411.44,Enrichetta Bottrill,$288.60,753
189,"Pasta - Rotini, Colour, Dry",Hodge Oulet,$307.21,Juliana Beeswing,$111.20,983
190,Lemon Balm - Fresh,Kerr Foxcroft,$499.71,Jim Ivanichev,$114.83,211
191,"Potatoes - Yukon Gold, 80 Ct",Delano Ebbrell,$302.88,Wini Milne,$914.86,580
192,Coffee - French Vanilla Frothy,Conrad Ungerer,$663.36,Carolee Beldon,$43.98,444
193,Shichimi Togarashi Peppeers,Chrissie Dinneges,$27.72,Flint Yoxen,$648.28,644
194,Nectarines,Thurstan Streat,$755.94,Sallee Sellar,$470.03,460
195,Orange - Tangerine,Dena Bayles,$374.76,Lorain Hunnybun,$147.19,427
196,Long Island Ice Tea,Travis Ardron,$462.03,Sonja Koop,$21.65,100
197,Tarragon - Fresh,Aubrey Wasielewski,$678.41,Wait Smurthwaite,$269.62,336
198,Oil - Avocado,Clem Lytle,$470.62,Duane Povah,$705.06,100
199,Oil - Cooking Spray,Drucill Durek,$745.56,Mart Ovendon,$256.82,7
200,Lid - 0090 Clear,Gwyneth Empleton,$187.53,Tobe Edlin,$416.76,664
201,Wasabi Powder,Wilhelmina Pocklington,$835.32,Glori Pritchett,$444.43,404
202,Pastry - French Mini Assorted,Conrade Ivatt,$989.40,Melonie Shemilt,$674.88,772
203,Lighter - Bbq,Ariela Poppy,$171.90,Kirby O'Fihillie,$772.51,122
204,Basil - Seedlings Cookstown,Florella Breitling,$266.79,Maxy Boays,$379.70,223
205,"Chicken - Diced, Cooked",Laverna Asel,$701.24,Debee Mitskevich,$552.63,223
206,Plasticforkblack,Thornie Decent,$175.33,Rosalia Gurko,$344.18,814
207,"Juice - Pineapple, 341 Ml",Rhodie Calverd,$383.50,Gabbie Schirok,$849.11,689
208,"Arctic Char - Fresh, Whole",Mohammed Parzizek,$836.39,Nicky Kinane,$117.16,987
209,Cumin - Ground,Connie Avesque,$667.96,Heall Loudian,$333.91,360
210,Apricots Fresh,Adelina Heimes,$247.38,Larry Asif,$408.79,759
211,Turkey - Ground. Lean,Feliks Lascell,$679.37,Evelyn Morecombe,$298.96,659
212,Red Cod Fillets - 225g,Bastian Cullington,$715.18,Abe Macias,$251.20,937
213,Oil - Coconut,Lorenza Geely,$218.41,Fredrika Lemonby,$816.63,340
214,Stainless Steel Cleaner Vision,Finley Quiddinton,$133.49,Griffin Teodori,$449.85,66
215,Apricots Fresh,Beverlie Sirman,$297.61,Valry Hailes,$912.00,298
216,"Octopus - Baby, Cleaned",Hazel Gunney,$56.70,Luke Szymanzyk,$945.27,594
217,Wakami Seaweed,Yvette Pridding,$504.23,Benedicta Upjohn,$160.17,412
218,Whmis - Spray Bottle Trigger,Arielle Fedoronko,$170.92,Farleigh Wannell,$359.90,820
219,"Wine - White, Gewurtzraminer",Frazier Tuxell,$50.93,Lauryn Bredbury,$844.44,491
220,Bandage - Finger Cots,Rebe Gullyes,$976.77,Allyce Tolmie,$382.71,93
221,Ice Cream - Vanilla,Waylan Tumilty,$255.99,Brockie Gabby,$208.56,329
222,Chip - Potato Dill Pickle,Liesa Abotson,$960.85,Tanner Venour,$349.20,865
223,Tuna - Salad Premix,Leonard Baudouin,$648.03,Ole Tait,$118.43,988
224,Sprouts - Peppercress,Elfrieda Jest,$144.04,Glendon Rapp,$525.40,579
225,Peach - Halves,Melisandra Szachniewicz,$95.62,Alfreda Trayton,$377.71,996
226,Towel Dispenser,Yvette Spuffard,$240.27,Pembroke Margach,$404.74,137
227,Apples - Spartan,Orazio Cowoppe,$786.71,Georgina Bohike,$333.13,649
228,Beans - Yellow,Donni Gumn,$24.10,Ardene Morrison,$525.24,471
229,Sour Puss Sour Apple,Beryle Duly,$877.17,Terrie Iwanczyk,$938.83,117
230,Arctic Char - Fillets,Mella Scrimshire,$24.46,Larissa Barsham,$502.76,176
231,Grapes - Green,Saloma Fisk,$838.19,Neale Eastop,$169.77,889
232,Raisin - Dark,Stephana Ganderton,$949.52,Abram Castanho,$697.04,314
233,"Sauce - White, Mix",Ambur Blazic,$991.71,Odessa Meechan,$977.82,778
234,Kale - Red,Conney McLoney,$47.59,Adeline Baumford,$312.96,351
235,Milk - 2%,Ruthann Indge,$548.09,Morse Withers,$160.47,573
236,Wine - Peller Estates Late,Lenka Koenen,$853.74,Kala Rathbone,$931.52,365
237,"Chilli Paste, Hot Sambal Oelek",Monica Hourihan,$700.41,Page Mannock,$114.46,744
238,Energy Drink Bawls,Aldus Squibe,$137.03,Alayne Priddie,$45.33,353
239,Trueblue - Blueberry,Jack Danielli,$597.44,Kennan Roscoe,$268.76,391
240,Sauce - Vodka Blush,Pauletta Hynam,$103.48,Anstice Lean,$800.01,299
241,Pork - Back Ribs,Carmine Yeaman,$104.99,Blakelee Reinard,$485.81,414
242,Juice - Lemon,Regen Sneddon,$803.23,Domenico Sunnex,$617.20,564
243,Ecolab - Ster Bac,Loydie Preshous,$981.59,Diego De Biaggi,$748.02,527
244,Sauce - Marinara,Marietta Moodie,$565.87,Leonard Liddard,$86.35,606
245,Parsley - Fresh,Cirillo MacElane,$584.62,Jessamyn Radke,$807.91,157
246,Sauce - Ranch Dressing,Doloritas Kubec,$630.21,Sherrie Cramphorn,$945.60,126
247,"Lemonade - Strawberry, 591 Ml",Arty Cosson,$616.43,Any Tomkiss,$951.89,252
248,Jicama,Quincey Fullilove,$610.11,Hughie Klosser,$174.02,73
249,Steel Wool S.o.s,Sheila-kathryn Hutchason,$403.89,Garrot Boden,$641.34,19
250,"Bread - Sticks, Thin, Plain",Magdalene Pidduck,$933.84,Ephrayim Martineau,$944.74,626
251,Pancetta,Livy Negal,$979.04,Alair Teaze,$639.32,408
252,"Cheese - Brie,danish",Edik Jarrett,$716.19,Elga Oosthout de Vree,$447.17,571
253,Appetizer - Crab And Brie,Jarid Hollingshead,$979.48,Toni Tapsell,$811.88,705
254,Oil - Avocado,Dorothee Ferron,$759.48,Hiram Mowday,$475.61,222
255,Chicken - Base,Ricard Figurski,$625.84,Merna MacNeilley,$699.40,819
256,Eel - Smoked,Carson Kaplan,$80.14,Julie Iskowitz,$768.51,25
257,Sauce - Ranch Dressing,Bernarr Ravenhill,$23.70,Martita Peare,$299.51,178
258,Bread Country Roll,Thorny Dockray,$38.74,Merilyn Curd,$316.82,772
259,Bar Special K,Cleopatra Deeney,$418.24,Giffer Gillebride,$997.83,165
260,Muffin Chocolate Individual Wrap,Hodge Saggs,$845.09,Ethelind Sizeland,$333.73,611
261,Appetiser - Bought,Fiorenze Tilne,$951.91,Clementine Woodroffe,$725.68,59
262,Neckerchief Blck,Minor Szymczyk,$109.92,Julienne Bearward,$668.61,850
263,"Soup - Campbells, Cream Of",Ave Passey,$499.67,Garret Snewin,$995.59,415
264,Bagels Poppyseed,Bram Kilmurry,$461.65,Pepe Caverhill,$421.88,3
265,Raspberries - Frozen,Blair Mileham,$587.71,Reese Currin,$780.03,262
266,"Pasta - Rotini, Dry",Si Lamb-shine,$857.22,Rem Milch,$675.32,917
267,Irish Cream - Butterscotch,Ambrosio Prebble,$490.48,Hanna Fortman,$896.62,774
268,Jicama,Joanie Maddra,$744.08,Quentin Curgenven,$71.66,441
269,"Pork - Sausage, Medium",Tybie Hickisson,$400.79,Emogene Fryers,$461.07,834
270,"Potatoes - Purple, Organic",Eberto Dyerson,$971.41,Adolf Etuck,$140.89,211
271,Aspic - Light,Gael Geekin,$64.40,Anica Mudle,$785.91,612
272,"Artichoke - Hearts, Canned",Gaye Seefeldt,$100.70,Royal Holton,$455.72,909
273,Yogurt - French Vanilla,Konstanze Bohan,$112.17,Hannah Horley,$294.18,148
274,Puree - Raspberry,Lyndy Larwood,$144.55,Nadia Jutson,$987.40,752
275,Wine - Gato Negro Cabernet,Web Skoate,$945.27,Vernor Cuchey,$814.31,751
276,"Crab - Claws, Snow 16 - 24",Alexander Baldetti,$868.50,Pavla Baike,$425.16,739
277,Tomatoes - Orange,Anatol Noble,$146.41,Koressa Boud,$42.30,629
278,Tomato - Green,Reidar Lithgow,$445.47,Katusha Deneve,$424.45,601
279,Mace,Arlana Cherrett,$858.85,Zaccaria Ault,$260.86,768
280,Longos - Grilled Chicken With,Auberta Crenage,$668.75,Zola Abramovici,$482.69,334
281,Sprouts - Corn,Uriel Fish,$310.27,Peta Callum,$762.99,936
282,Chutney Sauce,Mina Leakner,$527.70,Skelly Vodden,$413.37,334
283,Squash - Sunburst,Corrie Wrangle,$454.78,Charyl Ethington,$448.32,919
284,Mushroom - Crimini,Swen Chippin,$887.94,Carley Barendtsen,$426.45,9
285,Cauliflower,Ebenezer Kliemke,$419.01,Laurene Sissland,$55.81,837
286,Snapple - Mango Maddness,Conrade Yakobovicz,$694.99,Morie Cadany,$358.99,849
287,Dome Lid Clear P92008h,Roderich Bater,$608.26,Griz Geary,$257.36,754
288,"Wine - White, Riesling, Henry Of",Zonnya Lister,$884.87,Golda De Benedictis,$583.14,242
289,Potatoes - Peeled,Pail Tattershaw,$430.72,Lynnell Widmoor,$531.24,314
290,Wine - Cotes Du Rhone,Mendie Seers,$279.45,Jewell MacCague,$720.21,381
291,Plaintain,Artur Chittem,$726.68,Kimmie Fero,$394.35,246
292,Goldschalger,Dyann Cullin,$274.83,Laura Vereker,$448.12,456
293,"Extract - Vanilla,artificial",Slade Wrankmore,$972.74,Haily Le Jean,$698.98,688
294,Wine - Peller Estates Late,Lock Janacek,$549.83,Estell Reglar,$101.67,879
295,Tomato - Peeled Italian Canned,Clareta Le Breton De La Vieuville,$480.64,Freddy Clemmens,$107.52,402
296,"Pail - 4l White, With Handle",Bryn Catherick,$170.26,Ira Brazenor,$820.56,468
297,"Oil - Truffle, White",Morrie Bracknall,$95.35,Redford Adair,$991.04,548
298,Cheese - Valancey,Winnie Brace,$755.25,Freemon Turley,$471.84,651
299,Wine - Chateau Aqueria Tavel,Dido Syplus,$112.74,Tomi O'Hone,$210.71,667
300,Mustard - Pommery,Jammal Ruddock,$7.06,Carmelina Goodison,$467.79,15
301,"Mushroom - Enoki, Fresh",Tani Battaille,$303.22,Federico Bertrand,$965.31,666
302,Water - Tonic,Johannes Dmitrichenko,$647.31,Jules Blackborough,$662.20,715
303,Smoked Tongue,Nick Nendick,$54.64,Nickie Cleft,$709.91,76
304,Oil - Olive,Blane Rides,$746.72,Lisha de Clerc,$623.76,109
305,Langers - Cranberry Cocktail,Cyb Reading,$687.27,Lemuel Riley,$453.94,585
306,"Pork - Loin, Boneless",Karna Struther,$746.72,Hollyanne Joslow,$304.03,542
307,Tea - Herbal Sweet Dreams,Laureen Dubery,$956.23,Jesse Craigmile,$726.59,177
308,Pasta - Agnolotti - Butternut,Erie Gheorghe,$30.54,Christoforo Shinn,$28.74,624
309,"Wine - White, Riesling, Semi - Dry",Clio Chatband,$628.56,Jerry Minichillo,$626.70,182
310,Watercress,Lorain Odegaard,$214.67,Hobard Ibberson,$107.14,646
311,Wine - Soave Folonari,Rianon Woodnutt,$417.14,Lindsay Orht,$259.21,520
312,Cheese Cloth No 60,Patrizius Spillman,$415.33,Fred Albers,$784.45,406
313,Ecolab - Hand Soap Form Antibac,Guenna Chastel,$458.96,Orella Brunn,$492.94,991
314,Coconut Milk - Unsweetened,Liliane Bartholin,$597.62,Doretta Arbon,$549.29,508
315,Tea - Apple Green Tea,Betsy Gwioneth,$970.48,Carlyn Andreev,$546.06,436
316,Pork - Back Ribs,Peirce Janton,$131.45,Abbot Swyer,$71.32,104
317,"Quail - Whole, Boneless",Bryan Horsey,$61.97,Kylynn Lynagh,$537.84,932
318,Flour - Cake,Ellswerth Kermath,$394.12,Benji Yousef,$437.23,107
319,Sour Puss Raspberry,Wit Hillett,$122.93,Kienan Bloxham,$598.42,857
320,Longos - Assorted Sandwich,Jude Bales,$506.45,Nicoli Menat,$532.81,516
321,Pastry - Chocolate Marble Tea,Joell Wiffill,$973.62,Arther Glazyer,$431.85,453
322,Squid - Tubes / Tenticles 10/20,Rhoda Gilbey,$763.36,Roanne Gilhespy,$415.33,287
323,Lamb - Ground,Ashton Whyteman,$85.53,Linnea Valenta,$475.61,872
324,Orange - Blood,Ethelred Paffett,$352.23,Clevie Rickersy,$510.62,567
325,Lettuce - Boston Bib - Organic,Stanleigh Winskill,$215.19,Tades Bigg,$552.85,220
326,"Coke - Diet, 355 Ml",Stephine Chesterman,$896.22,Chiarra Jeffray,$299.75,247
327,Soap - Mr.clean Floor Soap,Kiah Carradice,$358.06,Fanechka Pett,$199.46,352
328,Wooden Mop Handle,Mark Lapley,$720.40,Rochelle Unthank,$396.96,339
329,Cheese - Asiago,Kele Lemary,$429.03,Melody Rubinow,$494.19,242
330,Pepper - Pablano,Dale Kingsland,$353.78,Maure Warrillow,$935.37,223
331,Tomato Puree,Quintus Foldes,$11.55,Mahmoud Qusklay,$290.72,438
332,Wine - Magnotta - Cab Franc,Melodee Lief,$54.26,Evanne Loftus,$250.48,300
333,Wine - Wyndham Estate Bin 777,Noland Mattiazzo,$706.42,Efren Allder,$297.03,57
334,Lid Coffee Cup 8oz Blk,Nikolai Dommersen,$315.79,Antony Ferrettino,$482.60,241
335,"Rice Pilaf, Dry,package",Pam Skylett,$7.67,Sauveur Spoole,$922.69,268
336,Chevril,Deanna McCaffrey,$615.34,Hastie Kendell,$829.72,453
337,Flower - Commercial Bronze,Brendin Cartin,$391.77,Davin Bonanno,$560.08,788
338,Chicken - Wieners,Garth Boanas,$375.09,Roshelle Witz,$295.19,940
339,Cheese - Bakers Cream Cheese,Nial Braunston,$242.60,Emylee McNeish,$424.79,441
340,"Veal - Tenderloin, Untrimmed",Yorke Perassi,$593.71,Davy Gamlin,$752.68,194
341,Pickles - Gherkins,Kris Trinbey,$944.57,Adelina Ebbins,$719.83,13
342,Cookies Cereal Nut,Dorris Arpino,$961.61,Adelice Goble,$356.07,692
343,Water - Aquafina Vitamin,Shannan Gauvain,$587.92,Shell Kahane,$821.65,273
344,"Pasta - Orzo, Dry",Gusta Clinnick,$389.30,Doralia Daville,$792.26,622
345,"Trout - Rainbow, Fresh",Husein Fashion,$125.91,Merla Vigus,$4.16,553
346,Tea Peppermint,Lorinda Audsley,$348.46,Paula Topes,$569.12,519
347,Tray - 16in Rnd Blk,Pammy Jasiak,$539.72,Candice Justis,$158.26,467
348,Chicken Breast Halal,Elfrieda Mettricke,$143.57,Greg Spratley,$922.75,231
349,Garbag Bags - Black,Zelig Farr,$26.33,Timoteo Pawlick,$7.30,407
350,Cinnamon Rolls,Seana Merricks,$379.26,Patrizius Emeny,$460.13,669
351,"Chocolate - Semi Sweet, Calets",Valeria Naulty,$981.40,Thedric Hince,$496.26,995
352,Sloe Gin - Mcguinness,Broderick Labin,$998.23,Kerwin Anderl,$589.58,340
353,Ocean Spray - Ruby Red,Matthew Senogles,$981.62,Robby Scoles,$802.27,552
354,"Cheese - Boursin, Garlic / Herbs",Vilhelmina Jude,$672.37,Tine Tuerena,$797.43,984
355,Higashimaru Usukuchi Soy,Husain Fuidge,$92.67,Nealy Bourcq,$777.36,144
356,Cup - Translucent 7 Oz Clear,Maurise Duddell,$143.67,Winne Dobbson,$731.71,524
357,Filo Dough,Pattin Kell,$91.48,Vladamir Fenemore,$184.70,506
358,"Coffee - Beans, Whole",Tally Spensly,$14.15,Janean Cobbold,$875.84,130
359,Arizona - Green Tea,Silvio Cotelard,$929.72,Priscella Caudrey,$305.65,782
360,Cake - Night And Day Choclate,Conrad Schroder,$960.25,Tiphanie Siene,$608.61,837
361,"Bread - Sticks, Thin, Plain",Bridget Baillie,$139.13,Tyson Dodsworth,$148.81,975
362,"Lamb - Leg, Bone In",Tomas Lampe,$287.91,Powell Trustrie,$141.59,278
363,Wine - Ruffino Chianti Classico,Audy Llop,$768.77,Blanch Bolus,$294.08,887
364,Cheese - Sheep Milk,Brnaby D'eye,$910.34,Kip Chaves,$811.79,736
365,"Coffee - Colombian, Portioned",Nat Shubotham,$888.68,Wittie Castleman,$470.51,755
366,Wine - German Riesling,Bradley Blow,$622.79,Jule Kornacki,$675.38,479
367,"Sauce - Soya, Dark",Trisha McMechan,$249.89,Peterus Enevold,$781.23,285
368,Mousse - Mango,Beatrice Najera,$815.38,Ekaterina Cottage,$860.47,846
369,Island Oasis - Banana Daiquiri,Penni Sandry,$819.66,Isac Polson,$837.73,216
370,Rye Special Old,Aubry Perot,$314.88,Ivor Dee,$810.00,23
371,Ice Cream - Turtles Stick Bar,Stefa Washbrook,$909.19,Quintina Ingyon,$682.16,632
372,Mudslide,Cathe McGill,$992.35,Gracie Haydock,$396.41,625
373,Swiss Chard,Jonah Queripel,$32.56,Arlen Boobier,$589.54,646
374,Rabbit - Frozen,Fred Croster,$529.58,Ky Borne,$124.20,462
375,"Stock - Veal, Brown",Andreas Skydall,$752.00,Langsdon Dimsdale,$745.76,334
376,"Fish - Soup Base, Bouillon",Chico Icom,$917.81,Nance Smithe,$799.26,743
377,Knife Plastic - White,Kevan Ballston,$579.84,Beverley Mainds,$80.39,650
378,"Soup - French Onion, Dry",Teriann Shafto,$762.70,Gustie Shallcroff,$326.99,230
379,Pastry - Butterscotch Baked,Ashien Ledgister,$203.26,Minna Harland,$392.92,844
380,Wine - Penfolds Koonuga Hill,Ardene Mallett,$404.48,Bernard MacGahy,$246.50,496
381,Pastry - Chocolate Chip Muffin,Jeni Utley,$708.29,Annie Gorcke,$382.50,351
382,"Coffee - Colombian, Portioned",Sherline Monsey,$781.57,Samson Pervew,$727.01,288
383,Chocolate - Unsweetened,Tiebout Deners,$552.67,Fiorenze Nafzger,$460.29,924
384,Praline Paste,Frazer Worley,$879.50,Vicky Toffetto,$693.53,443
385,"Veal - Inside Round / Top, Lean",Timotheus Bover,$602.38,Neville Beccles,$349.79,397
386,Sauce - Vodka Blush,Carma Spofforth,$238.97,Mindy Hethron,$174.09,165
387,Spice - Chili Powder Mexican,Nessa Toun,$752.30,Weber Vossgen,$752.22,621
388,Crackers Cheez It,Barnard Hoonahan,$968.62,Isis Storre,$332.11,684
389,Zucchini - Green,Asia Gouley,$749.72,Durward Urwin,$644.82,912
390,Vinegar - Cider,Jessee Bodleigh,$567.47,Tommie Knatt,$619.25,633
391,"Cod - Salted, Boneless",Pauline Kreber,$972.34,Barrie Letford,$997.45,172
392,"Doilies - 7, Paper",Lilias Svanetti,$211.13,Galen Sinnatt,$330.42,129
393,Duck - Legs,Laurianne Rysdale,$797.98,Gavin Crocker,$498.63,848
394,"Coconut - Creamed, Pure",Abran Ivashov,$902.17,Bert Riste,$640.88,413
395,Kahlua,Kelvin Dimnage,$64.66,Worth Cram,$934.47,896
396,"Ecolab - Orange Frc, Cleaner",Doretta Petrie,$358.75,Arnold Gotobed,$585.17,749
397,Cheese - Montery Jack,Welbie Clist,$80.53,Dayle Garroway,$738.11,605
398,"Lid - 10,12,16 Oz",Keith Norkett,$670.25,Lemmie Alleway,$126.78,344
399,Chips Potato All Dressed - 43g,Claudell Burling,$282.61,Fredericka Trevains,$756.23,952
400,Ice Cream - Strawberry,Ashia Peachment,$591.42,Harwell Krystek,$947.48,721
401,Water - Evian 355 Ml,Drusie Axelbey,$450.30,Shaylyn Brogi,$427.31,460
402,Long Island Ice Tea,Rowe Crummay,$545.45,Vonny Aggett,$431.44,841
403,Lemon Grass,Jermaine Refford,$861.75,Thorstein Tomasello,$332.53,151
404,Asparagus - Mexican,Cesare Millimoe,$94.75,Lissa Saltmarsh,$839.41,705
405,"Lid - High Heat, Super Clear",Melodie Baldick,$88.27,Lewes Mulliss,$587.02,355
406,"Soup - Knorr, Ministrone",Darrel MacAllester,$519.39,Roana Benda,$783.32,838
407,Water - Evian 355 Ml,Jacqui Carrabot,$3.91,Dorena Ecles,$549.24,323
408,Port - 74 Brights,Giulietta Bolger,$861.54,Giavani Masdon,$64.38,396
409,Tea - Mint,Rossie Goulborn,$237.41,Kristofor Bispo,$560.83,686
410,Icecream Cone - Areo Chocolate,Meriel Dobbs,$843.45,Lorita Ida,$581.96,888
411,"Mushroom - Chantrelle, Fresh",Lisetta Bernhard,$134.27,Foss McLae,$326.52,927
412,"Soup - French Onion, Dry",Hyacinthe Lampitt,$248.54,Catriona Rollason,$530.65,466
413,Sugar - Icing,Melodie Afonso,$692.52,Ervin Phare,$818.87,775
414,Croissants Thaw And Serve,Dick Tallant,$270.86,Graig Rubens,$827.42,56
415,Dill Weed - Fresh,Keelia Jursch,$756.68,Leonhard Donavan,$477.77,757
416,The Pop Shoppe - Lime Rickey,Dorree Hilldrup,$479.23,Lind Crookall,$694.31,708
417,Tamarillo,Eveline MacCole,$75.11,Wileen Lemoir,$312.98,754
418,"Artichoke - Bottom, Canned",Tildie MacCaughan,$930.82,Marne Attkins,$128.82,941
419,Red Pepper Paste,Elicia Greenhaugh,$982.22,Georg Fulger,$788.53,117
420,Sambuca - Opal Nera,Madlen Forbear,$729.77,Randie Troubridge,$854.43,859
421,Wine - Cabernet Sauvignon,Randene Hunnisett,$280.93,Patrizio Jago,$91.00,79
422,"Crab - Dungeness, Whole, live",Chery Trencher,$727.97,Myranda Barehead,$780.44,211
423,Bread - Granary Small Pull,Doy Richmond,$6.41,Tandi Jorg,$139.91,379
424,Wine - Spumante Bambino White,Marlie Fitkin,$783.62,Anselm Pietron,$988.33,993
425,Nantucket - Pomegranate Pear,Laurence Snell,$846.46,Sergent Doughill,$622.59,321
426,"Salmon - Smoked, Sliced",Ajay Philipard,$113.54,Forest Bougourd,$679.66,152
427,Bag Clear 10 Lb,Jeremias Kerins,$121.87,Livy Fromant,$691.41,71
428,Chocolate Eclairs,Nelie Webborn,$780.85,Vernor Scorrer,$582.92,793
429,"Wine - White, Riesling, Henry Of",Skylar Rupel,$100.95,Vaclav Beatey,$140.87,599
430,Tea - Herbal Orange Spice,Gunther Rodda,$736.51,Huey Redmain,$707.37,930
431,Cheese - Feta,Uriah Lawly,$890.35,Stewart Tremelling,$102.98,208
432,Beef - Diced,Darrell Rolance,$476.66,Gav Derycot,$61.81,994
433,Cake Sheet Combo Party Pack,Karon Ebsworth,$337.77,Ottilie Scinelli,$667.28,634
434,Skirt - 29 Foot,Rhody Fender,$743.40,Burk Trussman,$404.77,143
435,Tomato Puree,Jamaal Coale,$866.73,Codie Wong,$169.44,290
436,Wine - Pinot Grigio Collavini,Meggi Gohn,$779.19,Krystyna Hefford,$139.52,748
437,Foil Wrap,Karly Sainter,$416.53,Jilli Upchurch,$758.31,948
438,Flour - So Mix Cake White,Ema Lung,$287.90,My Tesh,$996.55,841
439,Bread - Focaccia Quarter,Lynette Learoid,$894.59,Aubrie Garnson,$675.94,942
440,"Wine - Red, Harrow Estates, Cab",Angel Drabble,$119.25,Frances Pillman,$602.68,75
441,"Juice - Pineapple, 48 Oz",Ennis Cadwallader,$381.85,Brit Kalinsky,$847.26,306
442,Daves Island Stinger,Nicol Stucksbury,$402.19,Kim Jurzyk,$390.46,688
443,Wine - Port Late Bottled Vintage,Whitney Horbath,$170.75,Alvin Willeman,$55.88,55
444,Wine - Port Late Bottled Vintage,Kenn Stiffell,$658.80,Zacherie Houlahan,$339.70,95
445,Wine - Zonnebloem Pinotage,Jennee De Francisci,$868.78,Zechariah Eynaud,$886.97,688
446,Soupfoamcont12oz 112con,Sidnee Dederich,$467.27,Dorisa Salvin,$761.86,464
447,"Pork - Ham, Virginia",Matilde O'Lahy,$756.25,Court Critoph,$912.58,771
448,Bread Country Roll,Fawnia Sherman,$550.96,Rachael Busse,$238.31,67
449,Bagel - Whole White Sesame,Quentin Calrow,$67.03,Cobb Ashburne,$612.65,25
450,Nantucket Cranberry Juice,Bax Piwall,$880.24,Tirrell Allwright,$779.32,585
451,Sardines,Montague Whylie,$182.29,Joane Cleere,$590.43,695
452,Wine - Zinfandel Rosenblum,Genia O'Donnelly,$58.32,Georgy Slowly,$786.38,662
453,Beef - Tender Tips,Julietta Waters,$769.17,James Morter,$473.43,376
454,Strawberries - California,Billi Antcliff,$361.17,Iolande L'Amie,$781.34,59
455,Coffee - Hazelnut Cream,Terry Jordison,$204.42,Vivianne de'-Ancy Willis,$20.50,543
456,Duck - Breast,Kirsti Samples,$352.57,Ailene Roadknight,$146.57,464
457,Cup - 4oz Translucent,Marya Tennock,$278.45,Maynard Stiell,$819.81,393
458,Spic And Span All Purpose,Shannah Johantges,$617.85,Lulu Smiz,$803.19,291
459,Arizona - Plum Green Tea,Dorolisa Lucien,$550.17,Mandy Dufty,$259.87,686
460,Corn Kernels - Frozen,Horatius Pitford,$698.30,Van Hurdle,$976.47,118
461,Onion - Dried,Miran Dandie,$540.61,Eveline Fortnum,$627.96,393
462,Instant Coffee,Ilysa Benes,$178.33,Josefa Doelle,$268.48,261
463,Sugar - Monocystal / Rock,Sullivan Harlow,$656.45,Hildagarde Palffrey,$101.25,837
464,"Chicken - Breast, 5 - 7 Oz",Camile Houndsom,$742.68,Brennan Kezor,$411.77,328
465,Trueblue - Blueberry,Ianthe Webermann,$482.93,Elmo Mackness,$322.26,873
466,Zucchini - Green,Cornell Dimitrie,$717.33,Jermain MacAlees,$615.70,625
467,Bread - Raisin,Rutger Searle,$411.69,Wally McCambrois,$346.82,379
468,Creme De Banane - Marie,Justina Stiddard,$875.48,Lamar Curedale,$643.46,205
469,Bread - White Epi Baguette,Eduard Marc,$931.64,Ximenes Zaniolo,$115.29,644
470,"Sauce - White, Mix",Everett Noar,$155.00,Darrell Gabites,$285.83,859
471,Aspic - Light,Camile Cochrane,$729.74,Yardley Chasmor,$298.52,47
472,Muffin Carrot - Individual,Maire Kimbrey,$721.63,Elton Cozins,$624.76,862
473,Squeeze Bottle,Ermin Pothbury,$75.13,Sherrie Hegdonne,$994.55,742
474,V8 - Tropical Blend,Dosi Geram,$477.06,Giulietta Sanney,$970.67,139
475,Sesame Seed Black,Arlin Wretham,$891.08,Baryram Tottem,$230.74,310
476,Foam Dinner Plate,Ingeberg Scheffler,$629.49,Renata Chugg,$819.30,878
477,Shallots,Louise Francois,$454.28,Arluene Anger,$750.50,579
478,Cornstarch,Noami Jenkyn,$401.92,Kiele Ell,$461.52,84
479,Wine - Cotes Du Rhone,Rafe Munnis,$867.42,Eadie Momford,$199.60,111
480,Ginger - Fresh,Lyndy Widocks,$236.63,Luciano Duncklee,$965.73,272
481,Pear - Halves,Essy Twiddle,$489.48,Markos Loadwick,$229.24,692
482,Pepper - Gypsy Pepper,Adara Vayne,$504.76,Ransell Zettler,$127.03,215
483,"Crush - Orange, 355ml",Sybille Ganter,$101.81,Artair Healing,$480.18,723
484,Lettuce - Boston Bib,Anabella Loach,$518.76,Fanechka Longstaff,$150.18,363
485,Danishes - Mini Cheese,Laina Mossbee,$962.69,Borg Critchley,$152.83,471
486,Tart - Raisin And Pecan,Daisie Greatbank,$991.10,Petra Leftwich,$8.73,78
487,"Tomatoes - Plum, Canned",Engelbert Martonfi,$355.62,Lisetta Kennady,$820.59,490
488,Quiche Assorted,Durante Prahm,$717.79,Lammond Polak,$974.76,36
489,Thermometer Digital,Ange Dulieu,$938.31,Wilona Packe,$236.73,668
490,Beer - Fruli,Tiebold Chaldecott,$759.20,Cello Klimpke,$991.44,732
491,The Pop Shoppe - Lime Rickey,Elias Chinn,$682.11,Christiana Kingman,$373.06,245
492,"Lentils - Red, Dry",Madison Borthram,$624.26,Tana Farran,$915.45,848
493,"Syrup - Monin, Amaretta",Hart Sutehall,$547.81,Griselda Molson,$249.60,615
494,Vaccum Bag 10x13,Nell Bretton,$649.80,Rad Wyard,$507.39,43
495,Nut - Pumpkin Seeds,Melloney Retallack,$805.80,Aryn Behnecke,$726.95,422
496,Nescafe - Frothy French Vanilla,Genovera Roizn,$120.37,Hadrian Gwyneth,$504.27,505
497,Muffin Mix - Blueberry,Timmi Waycot,$280.30,Towny Pilling,$226.15,47
498,"Quail - Eggs, Fresh",Sharyl Fergyson,$902.50,Emelita Piatkowski,$983.73,806
499,Apricots - Halves,Orsa Siverns,$3.83,Ciel Edmunds,$246.38,842
500,Rabbit - Frozen,Windy Wantling,$881.81,Celestyn Knudsen,$657.50,421
501,Country Roll,Imogene Cockrill,$953.44,Bobbi Walters,$205.89,166
502,Cookies Oatmeal Raisin,Curr Tolchard,$790.06,Dannye Marcome,$127.03,75
503,Raisin - Golden,Wain Zohrer,$421.10,Lilia Brownrigg,$933.19,867
504,Appetizer - Sausage Rolls,Hallie Farnaby,$778.83,Chelsy Pim,$687.40,786
505,Orange Roughy 4/6 Oz,Traci Jeandin,$900.50,Mia Doni,$480.32,939
506,Pork Salted Bellies,Sally Murton,$158.53,Rosalinde Coulter,$687.87,965
507,"Coke - Diet, 355 Ml",Ronald Halgarth,$494.96,Fonz de Clercq,$188.41,216
508,Soup - Campbells Beef Noodle,Renato Fletcher,$601.13,Damaris Tuckley,$612.52,371
509,Table Cloth 54x54 Colour,Nehemiah Maguire,$765.01,Katharyn Tremethack,$879.90,685
510,Bread Base - Goodhearth,Lissie Yeeles,$171.35,Farlee Hatfield,$202.03,101
511,Ice Cream Bar - Drumstick,Luther Newland,$954.88,Ashby Gellier,$202.06,756
512,"Cheese - Brie, Triple Creme",Mae Dimmack,$750.38,Ky Lumbers,$413.56,55
513,Tea - Vanilla Chai,Adriaens Rassell,$423.26,Pearl Proschke,$129.30,194
514,Sterno - Chafing Dish Fuel,Launce Scrivens,$943.13,Nicholas Skynner,$165.15,350
515,Pasta - Orecchiette,Loutitia Halahan,$203.91,Celestyna Gullifant,$674.31,568
516,Appetizer - Escargot Puff,Joelly Spohrmann,$457.65,Rosa Mack,$58.21,74
517,"Crab - Back Fin Meat, Canned",Lusa Gawen,$285.54,Ashley Sehorsch,$582.86,502
518,Soup - Base Broth Beef,Elbert Stonier,$341.42,Tammie Keune,$391.07,538
519,Tea - English Breakfast,Franzen Condell,$704.56,Augusto Cohr,$142.73,559
520,Fond - Neutral,Kaile Proudler,$229.50,Gisele Skocroft,$78.40,267
521,Roe - White Fish,Mikaela Siburn,$241.65,Dre Luddy,$288.91,254
522,Sugar - Invert,Shel Feckey,$916.43,Urbano Morad,$235.03,696
523,Beef - Rib Eye Aaa,Berkly Duffie,$310.31,Philbert Shewery,$306.56,971
524,Grapes - Red,Cary Rive,$358.57,Reinwald Goatman,$590.77,220
525,Island Oasis - Cappucino Mix,Gwen Tedahl,$398.08,Bel Kidner,$11.39,114
526,Oneshot Automatic Soap System,Jessa Ogus,$528.22,Carma Buncher,$456.35,782
527,Muffin Batt - Ban Dream Zero,Barrett Papierz,$212.18,Shena Eles,$151.74,473
528,Pork - Liver,Nefen Gerasch,$330.56,Mari MacArte,$388.25,697
529,Butter - Pod,Carey Edworthy,$26.17,Susi Bausor,$743.73,64
530,Sambuca - Ramazzotti,Jourdan Castro,$244.45,Merline Guilaem,$753.98,211
531,Liqueur - Melon,Germana Fowls,$565.76,Colene Risebarer,$437.41,36
532,"Wine - Magnotta - Red, Baco",Aubrette Prisley,$632.19,Corena Dahl,$381.49,21
533,Tea - Grapefruit Green Tea,Eugenio Witty,$87.33,Thea Bantick,$715.14,199
534,Fennel,Tripp Shipston,$970.91,Griselda Ulster,$688.10,335
535,Lemonade - Pineapple Passion,Caressa Dennert,$228.67,Cecilla Aglione,$314.18,881
536,Potato - Sweet,Valaree Nudds,$644.75,Cate Jedryka,$329.39,819
537,Cheese - Cream Cheese,Meredeth Cadlock,$338.74,Fifine Firks,$254.80,211
538,Water - Evian 355 Ml,Anni Duinbleton,$19.59,Jackie Bellenger,$363.55,699
539,Beef - Striploin Aa,Crichton Lawden,$335.90,Annadiane De Lorenzo,$647.54,813
540,Wine - Prosecco Valdobienne,Gerard Liggons,$273.93,Darb Radbourne,$355.86,654
541,Nantucket Apple Juice,Niko Rundle,$263.50,Julio Scritch,$588.50,900
542,"Pasta - Lasagna, Dry",Corney Dilnot,$100.12,Marge Jeroch,$363.21,39
543,Pectin,Robinette Wieprecht,$494.38,Agnella Pretswell,$401.30,370
544,Lamb - Shanks,Tuckie Vanyashin,$288.23,Eugenius Dimbleby,$276.77,108
545,Cocoa Butter,Randene Vaulkhard,$108.10,Rossie Choppen,$179.08,628
546,Wine - Ice Wine,Isidora Sallings,$601.31,Norton Gretham,$556.05,519
547,Transfer Sheets,Rodney Pawelczyk,$352.41,Arnoldo Oluwatoyin,$471.02,724
548,Cheese - Cream Cheese,Matias Caudelier,$923.35,Shaun Dreini,$567.53,488
549,"Wine - White, Ej",Dorothee Weinberg,$988.63,Cornall Horburgh,$650.54,806
550,Bread - Petit Baguette,Dannie Gadeaux,$911.30,Ambrosi Triggle,$823.51,900
551,Cookie Chocolate Chip With,Waylin Barhem,$379.59,Chandler Cackett,$674.26,798
552,Chevere Logs,Colby Yanez,$189.50,Gawen McKaile,$734.26,866
553,Bread - Raisin Walnut Pull,Ariella Vossing,$719.18,Eugenie Giovannelli,$202.12,2
554,Chinese Foods - Cantonese,Mira Woakes,$821.31,Fowler Cowherd,$873.81,85
555,"Cherries - Bing, Canned",Alvie Adame,$294.77,Adelice Leaver,$653.00,330
556,Tomatoes,Mattie Curdell,$868.84,Ellsworth Shoebrook,$946.21,696
557,Mustard - Individual Pkg,Gustav Farryann,$713.37,Electra Cornwall,$60.23,513
558,Chinese Foods - Chicken Wing,Harbert Haslegrave,$85.65,Elisha Hardware,$158.98,800
559,Ezy Change Mophandle,Aaron Denerley,$589.45,Haywood Augur,$626.27,603
560,Soup Campbells - Italian Wedding,Arv Vines,$6.98,Neda Abrahams,$363.97,514
561,Beef - Bresaola,Norman Langran,$422.81,Sly Hawkswood,$32.81,302
562,"Chocolate - Milk, Callets",Batsheva Gionettitti,$537.18,Jackie Mirfield,$513.19,345
563,Cumin - Whole,Fredi Balloch,$927.40,Electra Renachowski,$288.60,306
564,Pears - Bosc,Aloisia Cockerill,$7.61,Kania Matityahu,$408.06,113
565,"Juice - Tomato, 10 Oz",Cathe Mantha,$272.05,Vinni Crabtree,$326.46,138
566,Steamers White,Miles Gelsthorpe,$331.71,Gwendolen Borham,$126.02,922
567,Flower - Daisies,Ansel Schade,$641.34,Gun Vuitton,$891.15,66
568,Wine - Montecillo Rioja Crianza,Avis Mawhinney,$388.95,Sigismondo Walmsley,$521.00,519
569,Mushroom - Chanterelle Frozen,Candis Ferandez,$974.81,Elfreda Wilsone,$613.07,172
570,Cheese - St. Andre,Keeley Arrighetti,$593.89,Fabio Varnes,$693.23,432
571,Cheese - Grie Des Champ,Karon Renner,$881.57,Erastus Gehricke,$630.48,400
572,Paper Cocktail Umberlla 80 - 180,Verena Chaplyn,$704.96,Lorine Wrate,$722.94,543
573,Truffle Cups Green,Son Allnatt,$114.44,Loralee Chard,$360.06,244
574,Wine - Segura Viudas Aria Brut,Gabe Laidel,$320.03,Andy Varvell,$99.38,626
575,Fudge - Cream Fudge,Jerrie Mirando,$947.58,Nertie Rayner,$763.84,310
576,Lettuce - Treviso,Lorettalorna Flowers,$181.70,Selestina Tunstall,$586.43,824
577,Snapple Lemon Tea,Nanni Braune,$385.10,Edna Karby,$342.68,377
578,Beef Tenderloin Aaa,Johannah Bollis,$589.84,Aloysia Piner,$535.00,488
579,"Veal - Brisket, Provimi,bnls",Appolonia Gillow,$863.69,Maryanna Chmarny,$212.05,967
580,Pastry - Baked Scones - Mini,Kaylee Roe,$645.25,Nicki Fishlee,$817.38,193
581,Rabbit - Legs,Wanda Main,$672.62,Ruprecht Schindler,$739.90,605
582,Wine - Vineland Estate Semi - Dry,Caritta Frears,$526.75,Elvera Bransgrove,$715.39,669
583,Cheese - Mix,Konrad Josselsohn,$393.21,Keene Pumphreys,$795.03,298
584,Silicone Parch. 16.3x24.3,Prissie Dawidowicz,$185.61,Berke Tesdale,$298.20,295
585,Cookie Dough - Chunky,Taddeo Lamont,$98.26,Zonnya Carverhill,$639.94,632
586,"Wine - Mas Chicet Rose, Vintage",Berta Treat,$581.87,Daniela Martindale,$511.91,419
587,Venison - Racks Frenched,Tuckie Willock,$337.50,Cassandry Zeplin,$552.34,876
588,Wonton Wrappers,Winna Matityahu,$951.01,Frayda Lago,$789.81,908
589,Bag Stand,Una Witheford,$845.34,Richmond Pidduck,$93.72,715
590,Truffle Cups - White Paper,Karoly Laurence,$479.51,Mufi Gilbody,$705.13,528
591,Beef Wellington,Borden Mertel,$280.63,Nickolas Lambarth,$300.29,59
592,Turkey Tenderloin Frozen,Isobel Ringrose,$188.73,Leelah Golly,$132.70,525
593,"Pork - Back, Short Cut, Boneless",Filmore Hegel,$749.69,Tiler Slight,$406.36,10
594,Pastry - Apple Large,Norene Withur,$780.73,Brett Toma,$600.42,6
595,Bonito Flakes - Toku Katsuo,Delmer Ingham,$986.42,Lucian Skittreal,$481.87,991
596,Sprouts - Baby Pea Tendrils,Belle McDougald,$255.63,Happy Seth,$244.41,279
597,"Tomatoes - Cherry, Yellow",Peterus Robun,$47.16,Regina Jameson,$84.51,198
598,Bread - English Muffin,Mathew Bemment,$549.82,Pippy Cotterill,$964.80,688
599,Flour - Chickpea,Kelvin Kershaw,$174.67,Ellie Westcott,$677.36,567
600,Rice - Sushi,Nicolis MacClenan,$651.91,Kory Blacksland,$767.11,960
601,Appetizer - Chicken Satay,Morse Housby,$201.18,Levy Dreier,$678.44,914
602,Table Cloth - 53x69 Colour,Livia Craik,$162.86,Felike Larratt,$214.31,984
603,"Pork - Ham, Virginia",Kelby Shower,$200.09,Nanete McCooke,$570.86,846
604,Spice - Chili Powder Mexican,La verne Cockshoot,$238.32,Carlynne Hatter,$887.53,895
605,Syrup - Monin - Passion Fruit,Jackelyn Foyster,$486.69,Elna Luard,$598.38,152
606,Cheese - Parmesan Grated,Hillier Scough,$761.29,Artair Vahl,$609.66,969
607,Pork - Caul Fat,Patrizio Scryne,$374.62,Caron O'Henecan,$753.29,770
608,Beer - Pilsner Urquell,Yorgo Beavers,$421.40,Leonard Pacitti,$861.69,354
609,Bread Base - Toscano,Conni Newbold,$252.90,Avis Elstob,$943.53,853
610,Praline Paste,Sisely Winney,$107.80,Anastasia Feifer,$945.59,328
611,Flower - Carnations,Stormy Reuven,$8.02,Elaina Dubock,$474.09,30
612,Sugar - Brown,Nichols Ballchin,$784.27,Codi Mandrake,$637.12,460
613,Table Cloth 53x53 White,Cleopatra Glavias,$760.50,Ardis Van der Mark,$720.98,284
614,Crab Meat Claw Pasteurise,Carole Coetzee,$903.04,Elbertine Ivashev,$302.32,968
615,Gatorade - Fruit Punch,Shawn Zorzenoni,$243.82,Mortimer Ludmann,$449.58,316
616,"Nut - Pecan, Pieces",York O'Carran,$83.38,Lydon Anyon,$520.72,705
617,"Yeast - Fresh, Fleischman",Guntar Deware,$666.24,Reba Rimer,$144.86,152
618,Extract - Lemon,Rosetta Bows,$706.35,Maryanna Irnys,$68.95,349
619,"Mushroom - Morels, Dry",Fiona Saphin,$625.20,Arnold Haws,$535.39,889
620,Glaze - Apricot,Wayland Iacavone,$428.15,Skip Antoniewski,$629.80,981
621,"Veal - Inside, Choice",Davidson Coath,$30.09,Godart Coulston,$271.12,152
622,Wine - Blue Nun Qualitatswein,Torey Dooher,$842.58,Jed Conman,$940.92,850
623,"Bread - Rolls, Rye",Alix Askey,$732.96,Caesar Eddins,$209.21,26
624,"Cheese - Woolwich Goat, Log",Ryan Mounch,$735.41,Lindi Ruppertz,$117.24,934
625,Potatoes - Parissienne,Lyssa Edlin,$890.97,Pauli Sambidge,$672.09,36
626,Toothpick Frilled,Orelia McCluney,$844.21,Borden Kintish,$11.24,518
627,Apricots - Dried,Alvie Burdell,$279.05,Natasha Janiszewski,$989.45,87
628,Pork - Inside,Gusty Shrimplin,$454.23,Phebe Woodhouse,$334.19,888
629,Bagel - Plain,Anton MacPaden,$798.81,Roz Scandrett,$590.55,555
630,Petite Baguette,Carver Offin,$221.35,Artus Swinn,$564.39,986
631,Mangoes,Samuele Everard,$371.31,Orelee Sweedland,$355.24,937
632,Pastry - Choclate Baked,Lonnie Doyley,$915.99,Rand Billett,$381.36,270
633,"Schnappes - Peach, Walkers",Jacynth Gue,$98.78,Janet O'Sesnane,$149.90,505
634,"Beef - Rouladin, Sliced",Grazia Lilburn,$136.29,Berta Inskipp,$804.42,868
635,Sobe - Lizard Fuel,Avictor Moakes,$793.52,Allx Revey,$464.59,393
636,"Doilies - 10, Paper",Rubi Graveston,$246.65,Susannah Paulillo,$948.05,81
637,Vanilla Beans,Ilise Androsik,$911.70,Dom Cotty,$766.85,669
638,Wine - Conde De Valdemar,Corbet Bricksey,$718.99,Blinni Elion,$501.87,296
639,Coffee - Decafenated,Adolphus Threadgill,$810.93,Ashlen Glascott,$600.14,966
640,Rhubarb,Oralla Grinyov,$945.19,Jacquie Simla,$591.79,848
641,"Wine - White, Lindemans Bin 95",Drud Beaman,$680.16,Romona Carrol,$115.90,677
642,"Pepper - White, Ground",Sanson Tallon,$553.06,Robena Hobben,$66.49,333
643,Lemons,Thaine Severn,$28.37,Oralia Moohan,$558.24,109
644,Wine - Jafflin Bourgongone,Analiese Bertouloume,$139.35,Bowie Sturror,$209.96,69
645,Apple - Northern Spy,Ethelred Gilders,$233.83,Neddy Fuente,$144.21,80
646,"Wine - White, Schroder And Schyl",Velvet Merington,$670.10,Holmes Lefwich,$799.54,191
647,"Stock - Beef, Brown",Cooper Jeandet,$482.92,Norene Hemerijk,$245.16,514
648,Pastry - Mini French Pastries,Karly Pickersail,$819.07,Geoff Newark,$755.37,470
649,Cake - Mini Cheesecake,Kacy Berney,$95.71,Arnie Rickett,$724.58,243
650,Soup Campbells Split Pea And Ham,Rosamond Quigley,$301.40,Nolly Milne,$81.72,177
651,Beer - Blue Light,Marj Bramsen,$973.64,Francisco Hardwick,$104.77,305
652,Wine - Sake,Marc Cornthwaite,$411.99,Lorie Gready,$596.10,111
653,V8 Splash Strawberry Kiwi,Terese McNeillie,$197.73,Chantalle Lodemann,$964.37,694
654,Towels - Paper / Kraft,Monte Du Plantier,$373.18,Karita MacDermand,$900.27,349
655,Nantuket Peach Orange,Trixie Chave,$551.47,Kit Vankin,$88.39,490
656,Wine - Bouchard La Vignee Pinot,Maressa Ives,$737.74,Silvie Lidgley,$530.02,276
657,Juice - Orange 1.89l,Filip Hanlon,$586.93,Leyla Lehmann,$10.63,933
658,Beer - Moosehead,Alastair Stokey,$183.84,Madelena Greenhouse,$374.03,422
659,Bagels Poppyseed,Hettie Doram,$695.23,Min Fozard,$17.05,62
660,"Beef - Roasted, Cooked",Berget Jammet,$100.98,Hillier Kmiec,$207.15,939
661,Pear - Prickly,Kayley Noads,$412.81,Del Myford,$470.38,894
662,Chutney Sauce - Mango,Nikaniki Borghese,$348.60,Meggy Domenc,$616.28,249
663,"Veal - Inside Round / Top, Lean",Nikki Erni,$516.33,Shep Bailey,$295.13,508
664,"Juice - V8, Tomato",Reggie Luxford,$674.96,Darren Presnail,$21.29,697
665,"Pineapple - Canned, Rings",Templeton Mulroy,$8.77,Chantal Petti,$634.27,93
666,"Yogurt - Raspberry, 175 Gr",Cleveland Ellicott,$605.24,Burl Tidder,$449.31,254
667,Soup - Tomato Mush. Florentine,Laraine Korejs,$223.54,Zacharias Standring,$841.27,127
668,"Tart Shells - Sweet, 4",Caprice Kohrs,$748.54,Faina Roome,$96.81,663
669,Liqueur - Melon,Borg Girault,$677.08,Elaine Dugue,$844.76,303
670,Appetizer - Lobster Phyllo Roll,Jody Jedraszczyk,$356.49,Richie Rouch,$863.18,582
671,Cornish Hen,Barret Stefi,$700.00,Rosemary Letterick,$960.14,241
672,"Juice - Pineapple, 48 Oz",Ross Pirt,$972.15,Cory Primmer,$719.29,14
673,Beets - Pickled,Leopold Colquhoun,$418.86,Pall Vagges,$102.07,334
674,Wine - Ej Gallo Sierra Valley,Murry Saby,$705.79,Gert Kupke,$546.20,606
675,"Shrimp - 16/20, Iqf, Shell On",Nicol Forcade,$448.86,Yvon Kerne,$5.43,644
676,Beans - Fine,Kiel Algate,$519.92,Renee Harford,$656.14,637
677,Towels - Paper / Kraft,Germaine Greschik,$917.15,Janina Gutridge,$51.49,288
678,Black Currants,Leanor Americi,$948.04,Fionna Colebrook,$590.04,817
679,Wine - Taylors Reserve,Sibeal Daniele,$375.65,Blanca Adshede,$176.78,244
680,Cheese - Pont Couvert,Lance Bennell,$662.90,Margy MacAleese,$196.04,385
681,Eggs - Extra Large,Rodie Picot,$527.76,Linnet Kyncl,$757.11,166
682,Oil - Olive,Brigid Dorrance,$734.69,Bailey Yukhnin,$296.84,79
683,Dc Hikiage Hira Huba,Louella Gerbel,$879.94,Georg Dibley,$903.52,144
684,Sobe - Cranberry Grapefruit,Emery Jory,$74.83,Stafani Durtnall,$706.19,350
685,Table Cloth 90x90 White,Vail Bertolin,$462.72,Nissy Gullefant,$75.14,906
686,Potatoes - Peeled,Jacki Riordan,$924.42,Hadrian Vowdon,$987.08,76
687,Wine - Barolo Fontanafredda,Daveta Riveles,$713.82,Colene Davidde,$866.80,784
688,Extract - Lemon,Olympe Antonich,$903.42,Malva Gonsalvo,$190.83,664
689,Wine - Coteaux Du Tricastin Ac,Birch Hadley,$636.59,Torrance Lauritzen,$793.24,607
690,Tea - Decaf 1 Cup,Aleta McOwen,$131.37,Danella Gumbrell,$226.65,509
691,Trueblue - Blueberry Cranberry,Esdras Waskett,$670.21,Allard Carnew,$187.34,376
692,Onions Granulated,Kelcy Hainsworth,$73.93,Auria Brockie,$753.12,469
693,Cheese - Mix,Kissie Davydzenko,$984.97,Sergent Mogra,$78.86,433
694,Wine - Merlot Vina Carmen,Lexis Topling,$81.19,Stafani Ranklin,$621.71,651
695,"Brownies - Two Bite, Chocolate",Andreas Hufton,$900.74,Gunar Bendelow,$151.97,608
696,Chocolate Bar - Smarties,Daryle Lafay,$922.57,Wain Devey,$949.05,472
697,Longos - Burritos,Rich Blose,$106.41,Joycelin Handford,$763.90,307
698,Bread - Pain Au Liat X12,Meara Stevings,$45.73,Irvine Badcock,$13.46,163
699,Petite Baguette,Reinwald Prynne,$845.32,Bald Hullin,$39.85,364
700,Shiro Miso,Vale Chamney,$601.48,Franky Barbrick,$809.71,423
701,Beer - Paulaner Hefeweisse,Benetta Aucock,$239.40,Lek Boundley,$367.37,432
702,"Wine - Magnotta, Merlot Sr Vqa",Anders Mackiewicz,$813.29,Stanley MacMenamie,$314.39,943
703,Beef - Ox Tongue,Phyllys Riping,$984.87,Robinet Itzkov,$72.44,134
704,Silicone Parch. 16.3x24.3,Ericha Barwell,$133.72,Der Licciardo,$451.70,388
705,"Oranges - Navel, 72",Cordy Stammler,$965.84,Timoteo Sunnucks,$641.12,445
706,Shrimp - Tiger 21/25,Townie Curuclis,$416.78,Paddy Older,$664.83,342
707,"Bag - Bread, White, Plain",Dre Wisbey,$254.34,Sherm Clubley,$608.49,299
708,Muffin Chocolate Individual Wrap,Marlena Rowcastle,$823.21,Mufi Sandeford,$94.38,607
709,Wine - Magnotta - Pinot Gris Sr,Rhys Lanceter,$94.99,Farand Habgood,$258.82,359
710,Brandy - Bar,Cello Argrave,$411.24,Rozamond Frossell,$195.21,735
711,Paper Towel Touchless,Fina Holton,$519.14,Sonnie Toomey,$775.23,544
712,Juice - Lime,Aurora Francie,$39.47,Fleur Linzee,$877.90,188
713,Toothpick Frilled,Berta Bent,$384.80,Willey Dunan,$714.45,359
714,"Bread - Rolls, Corn",Abbott Horlick,$880.96,Milicent Dumbrill,$779.28,612
715,Island Oasis - Raspberry,Gearalt Hebbron,$230.29,Jessalin Willavoys,$769.37,28
716,Cheese - Goat With Herbs,Ailina Ganter,$565.16,Madelyn Alyoshin,$659.77,849
717,Propel Sport Drink,Nikolos Itzcovichch,$344.62,Adriano Elfes,$411.57,659
718,Huck White Towels,Cassandra Clifford,$221.48,Annamarie Sibylla,$813.49,753
719,Water - Green Tea Refresher,Blondy Bassingden,$183.94,Isa Dakin,$816.62,835
720,"Lamb - Whole, Fresh",Humberto Rubenov,$491.89,Inger Cranstoun,$261.05,431
721,Pork Loin Cutlets,Cassandra Pringour,$806.78,Sheelah Slayton,$73.80,132
722,Eggwhite Frozen,Luke Message,$338.96,Arlyn Geindre,$549.83,491
723,Chocolate - Liqueur Cups With Foil,Clarey Giggie,$737.43,Corbet Kermode,$189.74,554
724,Bread - Crusty Italian Poly,Frankie Lerego,$24.07,Orville Shilladay,$914.35,660
725,Beer - Paulaner Hefeweisse,Christal Cluse,$913.91,Brok Storkes,$30.69,49
726,Ocean Spray - Kiwi Strawberry,Francisco Lefridge,$432.00,Corny Ephson,$445.12,747
727,"Crab - Dungeness, Whole, live",Prudi Jursch,$472.95,Richart Rosendall,$182.64,891
728,Pickerel - Fillets,Olvan Eccleshare,$50.72,Kristel Madgin,$787.69,571
729,Wine - Bouchard La Vignee Pinot,Teador Cases,$169.13,Eb MacComiskey,$384.38,966
730,Lamb - Bones,Alysa Curcher,$283.55,Hillie Whyler,$946.64,755
731,"Arctic Char - Fresh, Whole",Edna Riddell,$412.97,Laurene Saxby,$730.18,456
732,Liquid Aminios Acid - Braggs,Fidelia Zanre,$682.18,Evangelia Felmingham,$442.13,488
733,Plasticforkblack,Tadd Luckwell,$360.74,Ollie Espinoza,$273.80,693
734,Pepper - Cayenne,Michaelina Farlam,$551.01,Friedrich Paik,$295.05,333
735,Bread Sour Rolls,Nari Higgen,$228.27,Camala Massei,$687.26,592
736,"Shrimp - 16/20, Iqf, Shell On",Tarrance Murr,$626.89,Kaylil Tipling,$889.43,337
737,Wine - Baron De Rothschild,Cary Patriche,$282.51,Marsiella Randalson,$204.45,252
738,Wine - Sawmill Creek Autumn,Zebadiah Abbis,$432.57,Richard Tryme,$58.10,945
739,Ham - Procutinni,Ronny Brower,$209.69,Franny Kirtley,$816.12,334
740,"Lamb - Whole, Fresh",Lanny Jevons,$269.48,Ealasaid O'Daly,$588.30,82
741,Chervil - Fresh,Cindra Ellson,$364.26,Rheba Quarless,$938.16,422
742,Napkin White,Victoria Blackhurst,$513.94,Gertrudis Coulston,$584.98,451
743,Garlic,Ammamaria Francesco,$585.80,Franni Bilbery,$583.30,809
744,Sausage - Blood Pudding,Shaw Tomaini,$368.51,Janet Mateja,$984.70,817
745,Pepper - Orange,Muffin Mitham,$559.63,Norine Howell,$752.70,454
746,Wine - Ruffino Chianti Classico,Natty Twelftree,$774.68,Dallis Simkovitz,$819.86,912
747,Fennel,Rickey Chilcotte,$166.92,Sax Crewe,$634.06,756
748,Table Cloth 54x54 White,Mellie Potticary,$652.84,Osborne MacNeill,$490.01,709
749,Chips - Miss Vickies,Lauren Gunny,$532.67,Lauren Yabsley,$305.63,722
750,Chips - Potato Jalapeno,Taddeo Goldstraw,$102.29,Bernadene Le Estut,$22.94,403
751,Muffin Puck Ww Carrot,Mitchell Moukes,$982.59,Virginie Rhyme,$379.57,123
752,Garam Marsala,Jacquelyn Sybe,$718.65,Dollie MacLennan,$606.96,529
753,"Pasta - Bauletti, Chicken White",Kacy Murt,$611.59,Nataline Coulton,$603.29,504
754,Tomato - Plum With Basil,Paddy Hyams,$544.74,Joline Shacklady,$472.21,335
755,Pernod,Johnathan Janczewski,$357.57,Ahmed Jenk,$699.02,33
756,Daikon Radish,Adrianne Matussow,$323.18,Alonso Bloys,$458.07,994
757,"Cheese - Brie, Triple Creme",Mela Nel,$470.73,Ronica Blincoe,$970.01,371
758,Waffle Stix,Zared Shrimpling,$380.31,Damiano Godfery,$276.63,861
759,Soup Campbells - Tomato Bisque,Roarke Gutridge,$727.01,Adara Juara,$538.35,975
760,Apricots - Dried,Terrel Rothchild,$291.66,Eda Scardifeild,$541.51,494
761,"Chicken - Wings, Tip Off",Byron Dimbleby,$901.37,Arri Fullwood,$586.53,525
762,"Wine - White, Chardonnay",Gay Corrado,$757.75,Rudolph Drynan,$99.98,942
763,Ham Black Forest,Ilse Whitby,$747.63,Leonard Mc Mechan,$668.98,97
764,Praline Paste,Amalle Bezzant,$505.32,Kaylee De Haven,$886.89,291
765,Parsnip,Brittney Brockest,$700.89,Bobby M'Quharg,$383.42,324
766,Chef Hat 20cm,Brietta Cowan,$496.68,Sabrina Dukes,$532.36,153
767,Radish - Pickled,Fianna Reace,$500.04,Clywd Fifoot,$964.24,432
768,Eggs - Extra Large,Hugibert Sandes,$430.52,Margit Meiner,$212.98,760
769,Food Colouring - Blue,Fonz Tremayle,$890.47,Rozanna Huetson,$653.47,857
770,Lamb - Shoulder,Ansley Patton,$246.59,Charlie Peverell,$701.07,230
771,Ham - Cooked Italian,Linn Lusty,$995.86,Symon Passingham,$86.95,52
772,Bread - French Stick,Wade Local,$118.44,Gertruda Wilshire,$206.65,622
773,Ezy Change Mophandle,Ludovika Jowers,$479.58,Giana De Roberto,$591.78,682
774,Chervil - Fresh,Dukey Eakley,$359.90,Linn McKnockiter,$981.13,210
775,Mushroom - Morel Frozen,Jermaine Marchiso,$335.51,Adolphe Bellam,$181.85,497
776,Coffee Cup 12oz 5342cd,Twila Simeonov,$280.29,Dal La Vigne,$938.94,450
777,"Lamb - Whole, Frozen",Loralee Arnke,$935.13,Deb Risom,$292.48,428
778,Cranberries - Frozen,Bud Brotherhood,$207.55,Oran Ellissen,$124.43,164
779,Soup - Campbells Bean Medley,Anne-corinne Beningfield,$661.39,Nye Skellen,$195.43,914
780,Cleaner - Pine Sol,Rockey Milmore,$143.24,Feodora Turri,$273.12,910
781,"Turnip - White, Organic",Clarice Armsby,$846.94,Ettore Finlry,$810.84,356
782,Pears - Anjou,Chickie Coare,$713.79,Roscoe Broader,$950.06,437
783,"Red Snapper - Fresh, Whole",Reinald Banes,$755.69,Rikki Preshaw,$128.40,424
784,Corn - Mini,Brett Moretto,$121.57,Mac Pafford,$166.21,498
785,Wine - Magnotta - Bel Paese White,Liz Maling,$57.28,Gates Rubega,$525.77,65
786,"Shrimp - Baby, Cold Water",Tully Plott,$652.85,Hall Birkhead,$883.60,91
787,Veal - Leg,Shannan Abrahart,$28.85,Mellisa Kless,$133.13,658
788,Lamb - Whole Head Off,Aloysia Dietz,$451.79,Pammy Gourlie,$757.71,369
789,Rhubarb,Lorne Bridgwater,$354.28,Forester Giacopello,$43.87,414
790,"Wine - Red, Metus Rose",Georgiana Tingley,$943.00,Salmon Hammell,$546.38,948
791,Beef - Montreal Smoked Brisket,Fields Cowperthwaite,$983.97,Myrtia Lemmertz,$968.50,589
792,Cinnamon Buns Sticky,Deina Blewis,$382.09,Mirabel Blinkhorn,$835.79,65
793,Broom And Brush Rack Black,Shurwood Reddick,$727.72,Cleavland Saggs,$553.16,238
794,"Beef - Bones, Marrow",Moina Fentem,$241.36,Hollis Dickson,$603.00,521
795,Samosa - Veg,Ezri Baum,$353.31,Norbie Dymond,$216.86,732
796,Beer - Pilsner Urquell,Blakeley Wolstencroft,$160.92,Hank Reyson,$928.38,657
797,Bar Energy Chocchip,Nehemiah Stutard,$213.45,Chelsy Daughtrey,$18.85,158
798,"Beef - Tongue, Cooked",Wallis Rubery,$959.63,Gordan Chevis,$710.75,386
799,Lychee - Canned,Lidia Mitie,$928.42,Hali Norwich,$33.11,466
800,Long Island Ice Tea,Wyndham Dechelle,$314.45,Layney Ganing,$348.59,606
801,Sobe - Orange Carrot,Odie Stote,$380.07,Carling Ivens,$146.81,46
802,Lid - 0090 Clear,Michele Costar,$383.03,Mirelle Levinge,$703.59,903
803,Ginger - Crystalized,Archie Dyble,$705.20,Frayda Sanderson,$312.89,777
804,"Red Snapper - Fillet, Skin On",Muffin Palleske,$278.30,Minny Diter,$445.70,994
805,Tart - Pecan Butter Squares,Tiffani Perocci,$323.87,Martina Seydlitz,$337.31,461
806,Pastry - Chocolate Marble Tea,Christoforo Christofides,$908.61,Lurline Finlayson,$314.91,512
807,Bread - White Mini Epi,Jeannine Martinovsky,$782.26,Etta Sauvage,$813.45,41
808,Muffin Batt - Choc Chk,Fara Sare,$776.08,Hussein Chamberlain,$549.43,923
809,Alize Sunset,Ely Leppo,$799.50,Broderic Moorton,$390.66,443
810,Bread Base - Toscano,Emilee Cocke,$882.48,Veradis Collishaw,$151.77,639
811,Pork - Suckling Pig,Catlaina Whitlock,$232.00,Benjamen Hollier,$283.23,4
812,Filling - Mince Meat,Lindsey Bullas,$191.99,Berrie Skelton,$604.08,900
813,Soup - Campbells Chili Veg,Webb De Beauchamp,$720.80,Candis Ebbetts,$4.87,119
814,"Beef - Cooked, Corned",Maurits Floyed,$670.14,Glyn Menere,$573.12,76
815,Muffins - Assorted,Austen Tarbath,$912.82,Chickie Everist,$825.55,214
816,"Bread - White, Sliced",Lorette Dartan,$19.56,Lyell MacPhee,$584.39,502
817,Apples - Sliced / Wedge,Florenza Claffey,$643.63,Che Boake,$587.61,435
818,Cheese - Brick With Pepper,Pieter Ferrero,$471.59,Cheryl Pargent,$536.92,203
819,Cake - Mini Cheesecake,Annie Dewey,$217.70,Morly Gierok,$264.83,605
820,Syrup - Monin - Passion Fruit,Iago Windley,$987.32,Giacinta Barnish,$113.43,60
821,Snapple Raspberry Tea,Daven Edlestone,$512.56,Faunie Maseres,$143.32,510
822,Soup - Campbells Pasta Fagioli,Ichabod Riggert,$264.78,Zonnya Stodart,$20.90,566
823,Ocean Spray - Kiwi Strawberry,Averell Studders,$825.76,Ringo Towse,$305.53,485
824,Ice Cream - Turtles Stick Bar,Vidovik Batterton,$795.58,Osmond Helin,$277.31,728
825,Oil - Coconut,Marilin Channer,$272.39,Janith Ewens,$42.89,142
826,Monkfish Fresh - Skin Off,Konrad Vankeev,$566.86,Hermina Shobbrook,$765.49,359
827,Appetizer - Tarragon Chicken,Vito Fencott,$497.95,Patsy Lalonde,$765.73,159
828,Table Cloth 120 Round White,Mara Marushak,$674.89,Dania Bellingham,$890.87,818
829,Curry Powder Madras,Zulema Wailes,$359.89,Tabatha Hickford,$208.52,379
830,Sage - Fresh,Bill Alfwy,$626.78,Morgen Cubbit,$813.57,454
831,Olives - Morracan Dired,Lilian Plaid,$716.26,Lorry Battisson,$459.44,154
832,Arrowroot,Lela Pepis,$765.33,Collie Mardoll,$161.80,242
833,"Wine - Harrow Estates, Vidal",Gale Teese,$351.04,Bartholomeus Pinckstone,$805.25,365
834,Muffin Mix - Corn Harvest,Jozef Shorton,$268.84,Adolpho Pacitti,$435.37,455
835,Wine - Shiraz South Eastern,Zabrina Nilges,$711.88,Vida Gildea,$836.34,725
836,Oysters - Smoked,Carmelle Witnall,$726.54,Westbrooke Wharfe,$96.63,603
837,Bar - Sweet And Salty Chocolate,Trixi Layborn,$495.88,Wolfy Bowgen,$899.50,162
838,"Star Anise, Whole",Peterus Hankey,$708.54,Ortensia Meffin,$488.81,469
839,"Beef - Bones, Marrow",Winthrop Carff,$755.24,Kass Bahlmann,$37.15,946
840,Salmon Steak - Cohoe 6 Oz,Rasla Flanner,$533.96,Faber Sandbatch,$515.72,134
841,Pork - Backs - Boneless,Clarence Fairbrother,$694.15,Lani Croizier,$433.18,820
842,Spinach - Frozen,Elvin Heisler,$945.43,Jerri Paslow,$941.84,222
843,Aromat Spice / Seasoning,Minetta Ingraham,$713.19,Tibold Brookton,$632.47,841
844,Cloves - Whole,Kiah Heis,$235.27,Johna Redmille,$71.76,55
845,Flour - Rye,Quentin MacKenny,$834.55,Jamaal Daen,$115.03,501
846,"Shrimp - 21/25, Peel And Deviened",Jessica Canty,$530.14,Edwin Chaffyn,$349.26,366
847,"Pasta - Tortellini, Fresh",Cherry Broadbury,$585.47,Samaria Tirrey,$736.26,595
848,"Lemonade - Mandarin, 591 Ml",Lucky Jorioz,$618.48,Drucy Spafford,$865.35,919
849,Nutmeg - Ground,Tobe Nyssen,$76.15,Aleece Abbison,$209.62,869
850,"Shrimp - 16/20, Peeled Deviened",Derby Vedishchev,$711.94,Elvira Markwell,$583.03,887
851,Beets - Mini Golden,Sigismund Gatchel,$612.02,Cad Francino,$196.01,732
852,Veal - Osso Bucco,Patricia Gaitone,$487.25,Ermentrude Blazynski,$929.25,922
853,Dill Weed - Dry,Blancha Mielnik,$461.22,Red Lambirth,$155.52,880
854,Truffle Shells - White Chocolate,Alma Pollie,$249.82,Sigfried Harmeston,$947.90,599
855,Orange - Blood,Gustavo Southers,$300.29,Gabi Pettiford,$615.56,717
856,Juice Peach Nectar,Sorcha Antonsson,$901.33,Nicola Brownill,$658.33,264
857,Wine - Magnotta - Belpaese,Alwin Barizeret,$341.64,Harriott Deary,$421.21,196
858,Bag Stand,Alfy Carryer,$790.16,Bambie Mancell,$490.67,775
859,Sea Bass - Whole,Emera Norwell,$904.29,Jeane Bolden,$301.15,94
860,Mushroom - Porcini Frozen,Walden Eloy,$937.10,Hashim Wyllie,$939.90,404
861,Wine - Coteaux Du Tricastin Ac,Gennifer Boick,$9.94,Vergil Brinson,$283.93,546
862,Wine - Delicato Merlot,Luca Powis,$511.65,Weider Bernaldez,$492.47,101
863,Lime Cordial - Roses,Bee Hundley,$182.95,Helenelizabeth Carrabott,$357.41,821
864,Chicken - Whole Fryers,Stavro Summerly,$926.07,Domeniga Novic,$659.73,102
865,"Quail - Whole, Boneless",Florry Gheorghie,$756.02,Hetty Farry,$972.11,145
866,Cookies - Amaretto,Forbes Corneille,$474.98,Vyky Wanden,$494.37,843
867,Pumpkin - Seed,Ina Copcote,$79.72,Dynah Hugk,$628.76,606
868,Bay Leaf,Libby Hazell,$886.86,Candida Croyden,$998.12,988
869,"Soup - Beef Conomme, Dry",Brit Riddoch,$33.56,Vale Ianelli,$16.24,753
870,Mini - Vol Au Vents,Lilllie Cosby,$618.00,Starlene Cooper,$155.34,285
871,Pectin,Eldon Varty,$169.31,Cassandry Slaght,$531.26,173
872,Chicken - Bones,Lorant Pottle,$107.12,Ambrosius Siebert,$641.80,97
873,"Shrimp - Baby, Cold Water",Inge Innocenti,$553.96,Margi Jochens,$328.84,146
874,Sprouts - Bean,Josefina Songer,$221.24,Ruthy Farrah,$434.71,647
875,"Pasta - Lasagna, Dry",Homer Dooney,$525.00,Eliza Hambelton,$208.76,534
876,"Soup - Knorr, Ministrone",Mathilda Loalday,$965.59,Dorothee Pearse,$189.31,778
877,Macaroons - Homestyle Two Bit,Benito Fennell,$814.68,Mufi Yanin,$538.59,790
878,Table Cloth 90x90 White,Nertie Proger,$553.85,Danella Pelz,$570.48,879
879,Muffin Mix - Lemon Cranberry,Francisca Nurden,$919.07,Lock Daniello,$798.95,805
880,Lemons,Darby Nardoni,$251.16,Hillel Mountcastle,$237.61,885
881,Cardamon Seed / Pod,Jeanna Thurlbeck,$364.86,Garner Dagworthy,$453.14,604
882,Chicken Breast Halal,Cecelia Merrisson,$566.73,Mandie Capstack,$285.74,108
883,"Pepsi - Diet, 355 Ml",Berkly Giraldez,$296.30,Lucita Knapton,$884.11,601
884,Tuna - Yellowfin,Guthry Braham,$771.27,Suzette Penelli,$303.45,938
885,Pepper - Red Thai,Lucina Clubley,$802.65,Fawnia Eginton,$424.15,888
886,Lamb Tenderloin Nz Fr,Thorsten Beelby,$111.74,Cirillo Cadalleder,$925.41,117
887,Capon - Whole,Blinny Borrett,$301.78,Nola Eldredge,$745.22,298
888,Easy Off Oven Cleaner,Opaline Struan,$498.45,Cal Waite,$979.85,367
889,Foil - Round Foil,Idaline Screen,$626.44,Herbie Balsdone,$330.72,240
890,Soup - Base Broth Beef,Alyda Shalcros,$421.49,Noam Jacqueminot,$111.34,644
891,"Red Snapper - Fresh, Whole",Cornall Emmens,$1.62,Corby Kettell,$131.13,393
892,Cup - 8oz Coffee Perforated,Lottie Gini,$418.89,Sheffield Rowbottam,$499.32,180
893,Cocoa Butter,Jeanne Munslow,$735.02,Pammy Been,$471.09,451
894,Pepper - Red Chili,Aundrea Cardall,$743.03,Hewet Pithie,$466.90,398
895,"Pail - 4l White, With Handle",Cleopatra Hinge,$287.59,Madonna Charer,$789.69,362
896,"Lamb - Shoulder, Boneless",Ruth Boldecke,$220.67,Caitrin Cordeux,$823.60,867
897,Bread Foccacia Whole,Findley Bollands,$388.88,Andra Lamey,$512.87,925
898,Sweet Pea Sprouts,Andrus Applewhaite,$309.83,Walden Canlin,$187.74,733
899,Vinegar - White Wine,Cammi Pugsley,$810.20,Winifred Legister,$691.84,553
900,Tea - Herbal Sweet Dreams,Emera Oakeshott,$868.41,Sansone Pigney,$880.32,537
901,Tofu - Firm,Val Roskruge,$210.30,Aidan Whithalgh,$442.14,367
902,Cheese - Colby,Allyn Van Oord,$592.55,Correy Dudding,$651.65,483
903,"Chocolate - Milk, Callets",Ava McAvinchey,$278.52,Mordy Everingham,$350.59,728
904,Chicken - Tenderloin,Salomi Hawk,$601.37,Kylynn Kleinhaut,$756.38,419
905,Wine - Black Tower Qr,Celinka Fagan,$308.82,Zsa zsa Studdard,$510.77,642
906,Pastry - Butterscotch Baked,Richmound Adamolli,$699.64,Chaddie Moorerud,$873.55,703
907,Scotch - Queen Anne,Concordia Stoves,$453.97,Bethena Surcomb,$113.44,702
908,Rum - Mount Gay Eclipes,Othella Conquest,$13.36,Leeann Scanes,$354.88,929
909,Cream - 18%,Cord Licence,$508.42,Carlynne Cartwright,$350.32,888
910,Praline Paste,Casper See,$290.92,Clayborn Kliemann,$657.92,995
911,Island Oasis - Lemonade,Arney Diggell,$984.37,Ody Sier,$357.74,89
912,Syrup - Pancake,Aldo Ridge,$441.47,Ravi Edelheit,$790.81,600
913,Glaze - Clear,Leon Aspell,$949.22,Concettina Hove,$222.26,37
914,"Beef - Tenderlion, Center Cut",Farand Maharg,$99.74,Vivi Lysons,$248.51,210
915,Soup - Cream Of Broccoli,Milissent Deeley,$705.40,Paulina Maguire,$239.50,80
916,Cookies - Englishbay Chochip,Timmy Davidow,$26.19,Vonni Pettit,$117.77,144
917,Gingerale - Diet - Schweppes,Joanna Rackam,$37.65,Amos Straughan,$177.12,799
918,Wine - Chateau Aqueria Tavel,Elvin Learmonth,$718.69,Elden Columbell,$955.39,31
919,"Capon - Breast, Double, Wing On",Lura Dunckley,$954.03,Anya Yedall,$676.26,456
920,Bread - Raisin Walnut Oval,Reynold Maddyson,$928.06,Hewitt Fosh,$934.82,841
921,Uniform Linen Charge,Nedi Blampey,$946.25,Joelynn Rainton,$992.46,715
922,Table Cloth 53x69 White,Courtnay Bernli,$839.11,Angelica Gosnoll,$585.90,619
923,Sprouts - Alfalfa,Chaddie Krolak,$681.43,Chickie De Malchar,$899.84,319
924,"Crab - Back Fin Meat, Canned",Del Jerdein,$422.84,Miran Sanders,$791.20,709
925,Syrup - Monin - Granny Smith,Hi Leward,$867.96,De Dibble,$405.48,88
926,Flower - Leather Leaf Fern,Shirlene Djokic,$64.10,Wittie Mulqueeny,$183.87,612
927,Onions - Green,Ailsun Stennes,$710.15,Anna-diane Rosso,$879.95,705
928,Island Oasis - Raspberry,Kimberli Beeho,$890.84,Marsha Hurdman,$985.35,418
929,"Wine - Bourgogne 2002, La",Wanids Meadowcroft,$173.42,Eward Glason,$415.19,653
930,Flounder - Fresh,Derron Semon,$512.43,Lucius Cruikshank,$159.66,753
931,Cookies - Englishbay Chochip,Mathias Giacopello,$363.90,Cross Evemy,$134.34,922
932,Bread - French Stick,Cristionna Walcar,$138.09,Maxie Connew,$84.27,246
933,Lobster - Canned Premium,Vickie Stockton,$503.23,Otha Luparto,$785.26,232
934,"Lobster - Tail, 3 - 4 Oz",Luca Hankins,$985.76,Rora Stanmer,$73.05,379
935,"Juice - Pineapple, 341 Ml",Jobi Tissier,$23.97,Chloris Kisar,$95.11,880
936,Table Cloth 90x90 Colour,Guillermo Boerder,$970.17,Corby Skylett,$846.92,259
937,Wine - Domaine Boyar Royal,Kalina Voaden,$345.59,Ad Askaw,$589.84,494
938,Chickensplit Half,Ave Booler,$118.65,Casey Rudolph,$564.64,813
939,Mints - Striped Red,Dionisio Juares,$768.21,Austina Darrell,$502.85,915
940,Remy Red,Marinna Mansour,$109.20,Kittie Gumly,$133.43,511
941,Appetizer - Tarragon Chicken,Siobhan Hyne,$705.92,Salomi Jirasek,$789.10,657
942,Pie Filling - Apple,Ines Hayland,$961.54,Clemmie Garside,$920.22,593
943,Steampan - Half Size Shallow,Flossi Pencott,$402.57,Penni Kaman,$942.13,807
944,"Pasta - Shells, Medium, Dry",Tallie Caisley,$688.92,Dalli MacCheyne,$775.36,5
945,French Kiss Vanilla,Isabel Fried,$519.77,Luciano Creese,$809.45,334
946,Cheese Cheddar Processed,Andreana Gierardi,$347.37,Basilio McMahon,$847.41,836
947,Wine - Acient Coast Caberne,Shannan Dunkley,$565.22,Lynett Agius,$298.16,230
948,Ham - Procutinni,Querida Cadigan,$708.10,Ian Blazic,$712.21,895
949,"Roe - Lump Fish, Black",Richardo Connar,$514.38,Merry Cadogan,$856.02,247
950,Beef Flat Iron Steak,Irv O'Sherrin,$276.85,Lenka Ambage,$951.70,841
951,Bagels Poppyseed,Maudie Dimitrie,$419.28,Ted O'Donnelly,$995.33,25
952,Ecolab - Solid Fusion,Rozalin Banfield,$417.99,Barry Wallwood,$64.41,739
953,Mini - Vol Au Vents,Rocky Ramlot,$193.10,Keary Gullane,$110.14,555
954,Longos - Grilled Veg Sandwiches,Mellie Cobbe,$655.02,Aldo Doers,$689.01,965
955,Wine - Taylors Reserve,Jacquie Flippini,$997.09,Pippy Marcombe,$78.27,233
956,Yeast Dry - Fleischman,Garwin Romain,$985.12,Perkin Murby,$159.84,662
957,"Crab - Back Fin Meat, Canned",Blancha Maddick,$51.51,Tabor Espin,$535.73,215
958,Eggplant - Regular,Merrie Cattow,$732.68,Chalmers Drivers,$220.21,976
959,Pur Value,Louisa Peascod,$708.74,Ashby Triswell,$669.89,238
960,Bread - Bistro White,Gilbertine Tichelaar,$38.90,Fae Louder,$346.55,551
961,Bread - Petit Baguette,Thaddeus Gillibrand,$156.23,Bree Janny,$738.76,852
962,Pants Custom Dry Clean,Tisha Holdin,$768.10,Goldia Coste,$688.39,374
963,"Wine - Red, Pelee Island Merlot",Christy Dedon,$94.57,Deb Rosie,$642.92,945
964,"Wine - Red, Cabernet Merlot",Meaghan Bartos,$228.31,Noami Rawlin,$729.04,106
965,Hog / Sausage Casing - Pork,Tucky Artharg,$129.91,Howard Strother,$663.21,729
966,"Nut - Almond, Blanched, Whole",Albert Machent,$199.38,Elwyn Northcott,$235.03,412
967,Pork Loin Cutlets,Aundrea Torel,$957.08,Mile Dancer,$967.71,773
968,Bread - Onion Focaccia,Neville Toupe,$763.17,Cletus Selman,$947.42,35
969,Beer - Creemore,Kyle O'Day,$473.21,Diann Jewitt,$34.15,874
970,Aspic - Amber,Vikky Aronowicz,$93.42,Merrielle Mildmott,$323.60,284
971,Foam Tray S2,Kaiser Sheer,$846.70,Cookie Doeg,$236.00,681
972,Table Cloth 54x72 White,Wash Moorman,$18.39,Audry Puttock,$928.28,745
973,Rice - Basmati,Angelique Costelloe,$861.63,Marlo Yakolev,$239.74,242
974,Yoghurt Tubes,Marcelia Lorenc,$41.78,Amie Channer,$876.89,495
975,Chinese Foods - Cantonese,Ramona Tokell,$250.08,Junina Glowinski,$292.93,594
976,Pickles - Gherkins,Bruno Poulgreen,$901.70,Shelton Gremane,$9.75,661
977,Beef - Top Butt,Noelani McDonough,$420.71,Alvina Eglington,$951.13,851
978,Squash - Guords,Latia Ruoss,$629.79,Sarajane Formilli,$389.95,900
979,Gatorade - Xfactor Berry,Filmer Jesson,$220.72,Wadsworth Lidierth,$965.76,961
980,"Split Peas - Yellow, Dry",Adoree Wesson,$475.77,Ruddie Gowen,$107.66,409
981,Mustard - Pommery,Jeff Shyre,$253.36,Antony Edgley,$808.07,604
982,Soup - Campbells Pasta Fagioli,Malanie Lightfoot,$671.50,Jard Velte,$799.22,666
983,"Pepper - Julienne, Frozen",Mellisa Zorzetti,$161.94,Roderic Macek,$173.33,166
984,"Chilli Paste, Hot Sambal Oelek",Andriana Creegan,$530.61,Lexi Lamberteschi,$153.86,969
985,Hog / Sausage Casing - Pork,Harrie Selway,$768.35,Eugenio Worden,$211.34,857
986,Bagel - Sesame Seed Presliced,Jere Thow,$344.01,Olivie Capstack,$177.95,941
987,Cheese - Wine,Elinor Petlyura,$426.82,Benton Dumingos,$219.01,317
988,"Pail - 15l White, With Handle",Rahal Winkworth,$648.63,Julissa Edlestone,$134.77,958
989,Chinese Foods - Plain Fried Rice,Damita Sigmund,$919.70,Ely Laurenson,$840.96,47
990,Milk - 1%,Loreen Jurca,$318.95,Claudette Beneyto,$625.26,739
991,Cleaner - Bleach,Eldredge Minihan,$835.37,Gianni Cargen,$995.96,142
992,Soup - Campbells Beef Stew,Herbert Dawkins,$387.66,Rainer Worsley,$409.24,421
993,Veal - Eye Of Round,Lacey Patroni,$363.27,Devlen Garfitt,$709.88,843
994,Puree - Pear,Catherina Papaminas,$754.70,Phillie Guynemer,$472.88,629
995,Wine - Magnotta - Cab Sauv,Carlina Leggett,$917.88,Emelen McCleod,$843.53,410
996,Hand Towel,Eva Applebee,$827.86,Neale Gabe,$15.58,366
997,Soap - Pine Sol Floor Cleaner,Horatio Spurret,$157.79,Chrissie Fasse,$171.10,40
998,"Pasta - Cannelloni, Sheets, Fresh",Liz Kensett,$504.89,Codie Bruin,$880.88,818
999,Sauce Tomato Pouch,Yuma Leaney,$906.35,Lora Alner,$202.15,653
1000,Dasheen,Missy Stopforth,$81.82,Katey Bent,$762.97,758
