id,produto,clientes,funcionarios,vendas,estoque
1,Banana - Leaves,Marys,Farlee,$9.72,49
2,Bread - Italian Corn Meal Poly,Arvin,Deeanne,$5.50,99
3,Pumpkin,Elisa,Ulric,$1.70,97
4,Uniform Linen Charge,Rodolph,Chico,$3.83,12
5,Creme De Cacao White,Hurlee,Rose,$1.10,4
6,"Salt - Rock, Course",Hynda,Thor,$0.13,73
7,Clams - Canned,Perceval,Licha,$5.08,34
8,Ecolab - Solid Fusion,Whitby,Fulvia,$1.80,82
9,Spice - Pepper Portions,Hazlett,Ingrid,$8.57,75
10,Tea - Herbal Sweet Dreams,Rahel,Rem,$4.59,1
11,Cookies - Englishbay Wht,Paule,Olivette,$6.20,87
12,Rabbit - Legs,Tamara,Odie,$2.17,72
13,"Bread - Multigrain, Loaf",Nikita,Phyllida,$7.57,10
14,Cabbage Roll,Guido,Loralee,$2.04,70
15,Wine - Chablis J Moreau Et Fils,Pebrook,Monah,$2.65,23
16,Curry Powder,Lilian,Whitaker,$9.78,11
17,Lid Tray - 12in Dome,Emmeline,Lindie,$0.04,17
18,Carbonated Water - Lemon Lime,Flss,Clair,$0.51,3
19,Wine - George Duboeuf Rose,Jervis,Milton,$5.30,17
20,Cabbage - Red,Yard,Maxim,$6.57,50
21,Pepper - Pablano,Trenton,Marius,$9.15,12
22,Sun - Dried Tomatoes,Zack,Kissiah,$4.96,59
23,"Nut - Pecan, Halves",Nichols,Melissa,$6.23,94
24,Cheese Cloth No 60,Brandon,Florencia,$0.30,40
25,"Crab - Dungeness, Whole, live",Stavro,Eustace,$2.39,84
26,Cheese - Taleggio D.o.p.,Rodolph,Arabel,$3.93,88
27,Barley - Pearl,Hewe,Trev,$3.75,64
28,Coffee - Cafe Moreno,Bax,Douglas,$1.84,14
29,Towel Multifold,Christalle,Wallace,$0.78,11
30,"Wine - Bourgogne 2002, La",Godwin,Ruby,$9.61,71
31,Chips Potato All Dressed - 43g,Janina,Benedict,$0.14,70
32,Cabbage Roll,Tresa,Tim,$7.39,16
33,"Beef - Rouladin, Sliced",Anallise,Buiron,$2.52,74
34,Vodka - Smirnoff,Waylon,Ashby,$8.10,97
35,Sansho Powder,Michal,Silvan,$9.85,9
36,Coffee - Ristretto Coffee Capsule,Towny,Zandra,$8.57,21
37,Cookie Dough - Oatmeal Rasin,Norbert,Raquela,$5.86,79
38,Beef Flat Iron Steak,Howie,Cristabel,$3.72,86
39,Mushroom Morel Fresh,Agneta,Lauryn,$6.00,38
40,Cakes Assorted,Budd,Maurise,$2.64,11
41,Beans - Kidney White,Frasquito,Vernon,$1.62,42
42,Sugar - Palm,Matty,Hazel,$8.90,100
43,Mix - Cocktail Strawberry Daiquiri,Patrizius,Wynny,$5.34,61
44,Numi - Assorted Teas,Honoria,Lazare,$6.21,68
45,Spice - Greek 1 Step,Harli,Robinetta,$9.84,1
46,"Pepper - White, Ground",Shara,Anett,$3.85,53
47,"Pork - Back, Long Cut, Boneless",Jennifer,Irv,$1.38,28
48,Wine - Ej Gallo Sonoma,Lothario,Dominik,$0.07,14
49,"Asparagus - White, Canned",Kacie,Deanna,$3.95,96
50,Chocolate Bar - Smarties,Saundra,Lethia,$9.91,80
51,Tea - Herbal - 6 Asst,Prudi,Lidia,$0.77,21
52,Wine - Trimbach Pinot Blanc,Cyndi,Currey,$1.07,18
53,"Lemonade - Black Cherry, 591 Ml",Eddie,Jody,$4.17,69
54,Beef - Bresaola,Tawsha,Ermin,$2.29,30
55,Cookie Dough - Oatmeal Rasin,Noellyn,Ruy,$3.33,2
56,Nantuket Peach Orange,Zelma,Luke,$5.35,72
57,Sobe - Liz Blizz,Ruprecht,Gabi,$5.08,78
58,"Wine - Red, Mosaic Zweigelt",Gisella,Boycey,$2.14,68
59,Scallops - In Shell,Maud,Stevie,$9.09,65
60,Tomatoes - Hot House,Anabella,Corney,$3.08,72
61,"Beans - Kidney, Canned",Adorne,Gordon,$2.49,22
62,Container - Foam Dixie 12 Oz,Berti,Lucia,$8.35,13
63,Muffin Mix - Oatmeal,Brana,Gianna,$3.60,97
64,"Beef - Ground, Extra Lean, Fresh",Claudetta,Batsheva,$6.04,72
65,Sandwich Wrap,Anderson,Alejandrina,$6.39,76
66,"Wine - Mas Chicet Rose, Vintage",Dur,Paulita,$4.34,44
67,Wine - Rioja Campo Viejo,Livvyy,Dallas,$5.55,15
68,Juice - Orangina,Coral,Lyndy,$8.50,70
69,Anchovy Fillets,Stuart,Rawley,$0.95,57
70,Butter Sweet,Tressa,Patricio,$9.12,9
71,Pear - Prickly,Vidovic,Lyon,$9.50,97
72,Vol Au Vents,Jdavie,Sandye,$8.96,94
73,Table Cloth - 53x69 Colour,Joellen,Anestassia,$5.74,37
74,Mushroom - Lg - Cello,Lou,Maynard,$2.90,98
75,Grapes - Green,Nil,Yvon,$1.54,8
76,"Doilies - 12, Paper",Hammad,Estelle,$4.75,24
77,"Turkey - Whole, Fresh",Perl,Linus,$3.38,34
78,"Cheese - Cheddar, Medium",Keefer,Elisabet,$5.94,90
79,"Chilli Paste, Ginger Garlic",Ravi,Rourke,$1.86,74
80,Edible Flower - Mixed,Pam,Ceil,$3.55,7
81,Blackberries,Ingra,Arty,$0.70,73
82,Mortadella,Donnamarie,Bernadina,$3.00,71
83,Plasticforkblack,Sheelagh,Corie,$1.99,8
84,"Soup - Clam Chowder, Dry Mix",Wilek,Marietta,$5.70,2
85,French Pastries,Hamel,Currey,$7.54,97
86,Tomatoes - Roma,Putnam,Gavin,$1.19,37
87,Cup - Translucent 7 Oz Clear,Katee,Sibilla,$3.69,39
88,Flavouring - Raspberry,Kaja,Edythe,$0.69,14
89,"Beef - Rouladin, Sliced",Glenn,Liva,$2.94,46
90,Dried Peach,Hortensia,Joye,$9.01,35
91,Ketchup - Tomato,Chauncey,Curcio,$8.75,34
92,"Pesto - Primerba, Paste",Anni,Kareem,$9.17,75
93,Wine - Chateau Bonnet,Malanie,Alair,$1.26,60
94,Cheese - Wine,Denny,Adah,$3.53,64
95,Sunflower Seed Raw,Alard,Sheryl,$3.84,91
96,"Stock - Beef, Brown",Terrie,Lucias,$0.11,63
97,Pastry - Apple Muffins - Mini,Cathy,Willey,$2.30,49
98,"Mushrooms - Black, Dried",Obadiah,Cinda,$4.59,65
99,Beer - Original Organic Lager,Claretta,Brinna,$8.83,78
100,Wine - Chardonnay South,Gigi,Giffard,$5.77,50
101,Broom - Push,Kendra,Yoshiko,$7.89,67
102,Bread - Calabrese Baguette,Eulalie,Sheela,$2.96,56
103,Bag - Regular Kraft 20 Lb,Trueman,Baily,$9.10,77
104,Sauce - Oyster,Madlin,Alwyn,$5.46,74
105,Tomato Paste,Nero,Weider,$4.83,83
106,Longos - Lasagna Veg,Johnnie,Francesco,$7.45,46
107,Beef - Short Loin,Edy,Roosevelt,$2.20,51
108,Muffin Batt - Blueberry Passion,Newton,Suzie,$6.29,22
109,Olive - Spread Tapenade,Hartley,Blinnie,$6.28,44
110,Oyster - In Shell,Melina,Sara,$2.18,84
111,Baking Powder,Sabina,Cicily,$4.54,49
112,Emulsifier,Louella,Roosevelt,$8.64,1
113,Sauce Tomato Pouch,Fowler,Ari,$1.99,81
114,Beef - Inside Round,Ellynn,Fiann,$5.95,23
115,"Crab - Claws, 26 - 30",Jorie,Winnie,$1.81,14
116,"Juice - Pineapple, 48 Oz",Kate,Marja,$1.36,89
117,Cheese - Swiss,Rennie,Nealon,$6.31,12
118,Sauce - Chili,Catie,Sharon,$3.93,87
119,Anchovy Fillets,Shellie,L;urette,$1.97,11
120,Rabbit - Whole,Papageno,Tommy,$8.63,42
121,"Cheese - Manchego, Spanish",Bertie,Gloriane,$7.03,49
122,Beer - Mill St Organic,Darla,Matti,$0.63,17
123,"Beets - Candy Cane, Organic",Durant,Nanny,$8.85,34
124,Marjoram - Fresh,Elmore,Dionis,$7.65,65
125,Long Island Ice Tea,Tootsie,Jorgan,$4.12,10
126,Juice - Lagoon Mango,Forester,Gordon,$0.66,80
127,Soup - Campbells - Chicken Noodle,Walther,Mill,$9.28,72
128,Syrup - Kahlua Chocolate,Kay,Rafaela,$0.87,9
129,Compound - Rum,Hershel,Alvis,$9.20,16
130,"Tabasco Sauce, 2 Oz",Mart,Jsandye,$5.14,12
131,Waffle Stix,Esme,Ula,$9.43,21
132,Wine - Cousino Macul Antiguas,Jasmin,Quintina,$7.91,80
133,Bagel - Everything,Caye,Sheelah,$0.17,41
134,Bread - Kimel Stick Poly,Desirae,Carlie,$6.12,82
135,Lettuce - Curly Endive,Danell,Haroun,$6.47,31
136,Puree - Pear,Devondra,Bette,$7.31,81
137,Cocoa Powder - Natural,Kiah,Chrysler,$1.35,33
138,Ecolab - Hand Soap Form Antibac,Louie,Rodolph,$7.39,80
139,"Club Soda - Schweppes, 355 Ml",Diana,Rhianon,$2.71,57
140,Ice Cream Bar - Rolo Cone,Olly,Barbie,$0.42,76
141,Cake - Miini Cheesecake Cherry,Andre,Sampson,$2.70,90
142,Wine - Remy Pannier Rose,Bryana,Fan,$5.55,6
143,Lamb Rack Frenched Australian,Dominica,Sheffie,$9.46,2
144,Blue Curacao - Marie Brizard,Walsh,Moses,$4.66,1
145,"Lentils - Red, Dry",Kevan,Elset,$2.97,27
146,Noodles - Steamed Chow Mein,Wittie,Forrest,$0.70,11
147,"Vinegar - Balsamic, White",Tate,Laura,$3.10,30
148,Swiss Chard - Red,Hynda,Waldon,$2.45,43
149,Cheese - Ermite Bleu,Lindie,Johan,$1.53,16
150,Pepper - Cubanelle,Uta,Bernarr,$8.21,100
151,Chocolate Bar - Coffee Crisp,Jeremy,Quinton,$8.19,52
152,Pears - Bosc,Kincaid,Rosalinde,$4.10,43
153,Energy - Boo - Koo,Lesya,Aeriell,$7.57,41
154,Bacardi Breezer - Tropical,Betsey,Darsie,$4.64,98
155,Cake - Mini Potato Pancake,Tarah,Arlen,$8.98,12
156,Cup - Translucent 7 Oz Clear,Barclay,Justinn,$7.45,66
157,Tea - Mint,Elwood,Osgood,$1.06,22
158,Parsnip,Freida,Kara-lynn,$6.83,32
159,Extract - Lemon,Cody,Jessi,$5.00,10
160,V8 - Vegetable Cocktail,Nappy,Em,$2.73,68
161,"Nut - Peanut, Roasted",Natalina,Merlina,$8.14,83
162,"Marjoram - Dried, Rubbed",Hale,Bria,$8.67,8
163,Carbonated Water - Orange,Fiann,Maxi,$4.25,85
164,Goldschalger,Creighton,Curran,$2.33,74
165,Olive - Spread Tapenade,Zacherie,Trude,$3.18,7
166,"Flour - Bran, Red",Merrili,Kyle,$2.06,11
167,Macaroons - Homestyle Two Bit,Blake,Mira,$3.70,37
168,Soup - Campbells - Chicken Noodle,Ruth,Colver,$4.26,34
169,Rappini - Andy Boy,Raquel,Decca,$4.11,55
170,Sage - Fresh,Hyatt,Jamie,$9.26,3
171,"Wine - Red, Colio Cabernet",Jayne,Moria,$4.68,28
172,Shrimp - Black Tiger 26/30,Barron,Rollins,$2.15,56
173,Crackers - Graham,Austin,Myron,$0.50,94
174,Ecolab Digiclean Mild Fm,Oswell,Rori,$4.76,16
175,Flour - Pastry,Lorilyn,Brook,$0.95,55
176,Oil - Grapeseed Oil,Pietro,Catarina,$4.39,14
177,Cheese - St. Paulin,Gaven,Mordecai,$3.54,98
178,Cinnamon Buns Sticky,Pavlov,Leon,$4.20,15
179,Chickensplit Half,Helen-elizabeth,Kermit,$3.69,91
180,Nantucket Apple Juice,Gale,Anjanette,$2.66,37
181,Beef - Rib Eye Aaa,Madelina,Sergei,$7.62,8
182,Kippers - Smoked,Bowie,Reiko,$6.66,22
183,Wine - Cotes Du Rhone Parallele,Josi,Flor,$2.84,6
184,Beer - Mcauslan Apricot,Hillard,Kassia,$4.16,9
185,Dried Figs,Martguerita,Shelbi,$0.38,26
186,Island Oasis - Banana Daiquiri,Ashlee,Leonard,$2.93,90
187,Cactus Pads,Jeth,Teddy,$5.13,41
188,Oysters - Smoked,Winnie,Quinn,$8.18,63
189,The Pop Shoppe - Black Cherry,Phil,Annadiana,$2.86,48
190,Bread Crumbs - Panko,Kincaid,Agnes,$1.33,87
191,Cucumber - English,Enrika,Demott,$2.47,10
192,Blackberries,Glenn,Lilia,$4.09,52
193,Energy Drink Bawls,Carmela,Benton,$2.16,96
194,Pepper - Scotch Bonnet,Perice,Bette,$3.65,36
195,"Pork - Tenderloin, Fresh",Bev,Magnum,$5.64,7
196,Appetizer - Chicken Satay,Neil,Baily,$4.72,58
197,"Pasta - Bauletti, Chicken White",Reggy,Greggory,$6.73,32
198,Apple - Custard,Madonna,Hannis,$8.40,69
199,Rice - 7 Grain Blend,Stevie,Saw,$5.11,10
200,Muffin Hinge 117n,Jolyn,Vivyan,$1.40,57
201,Swordfish Loin Portions,Anabel,Nathanael,$5.70,88
202,Energy Drink Bawls,Andra,Hortense,$8.89,95
203,"Fish - Scallops, Cold Smoked",Minerva,Hewitt,$0.60,63
204,Wine - Wyndham Estate Bin 777,Lin,Janaye,$7.35,70
205,Cranberries - Dry,Garvey,Kale,$2.21,11
206,Shrimp - Black Tiger 16/20,Emery,Peggy,$2.08,61
207,Pail For Lid 1537,Adriano,Arlina,$6.14,97
208,"Water, Tap",Clementina,Yardley,$0.34,38
209,Beef Flat Iron Steak,Stephana,Leontyne,$2.40,80
210,"Beans - Black Bean, Dry",Lynnelle,Artemis,$3.19,83
211,Mackerel Whole Fresh,Meredith,Barry,$6.27,87
212,"Wine - Magnotta, White",Staffard,Innis,$3.69,93
213,Shrimp - 100 / 200 Cold Water,Alice,Ruthy,$8.40,64
214,"Beef - Outside, Round",Courtnay,Munroe,$1.82,53
215,Taro Leaves,Gweneth,Lynna,$1.98,57
216,Noodles - Steamed Chow Mein,Jillane,Olivier,$1.28,86
217,Wine - Sogrape Mateus Rose,Filmore,Nikkie,$2.41,61
218,Veal - Heart,Abe,Gian,$3.42,98
219,Bread - French Baquette,Lucienne,Martino,$0.20,79
220,Soup - Campbells Pasta Fagioli,Brady,Astrid,$2.79,50
221,Pork Loin Bine - In Frenched,Corine,Mickie,$4.83,87
222,Guava,Brucie,Flory,$8.80,9
223,Sansho Powder,Janey,Winonah,$9.91,14
224,Cups 10oz Trans,Oliviero,Levi,$8.07,58
225,Beer - Upper Canada Lager,Sari,Stephen,$0.16,3
226,Liners - Baking Cups,Marv,Lara,$6.97,69
227,Ecolab Crystal Fusion,Port,Gian,$7.94,83
228,"Pasta - Spaghetti, Dry",Brody,Opal,$2.35,96
229,Bag Stand,Tarrance,Adelle,$3.37,69
230,"Pork - Loin, Bone - In",Ernesto,Caz,$2.98,17
231,"Wine - Red, Wolf Blass, Yellow",Bambi,Dion,$6.04,44
232,Cup Translucent 9 Oz,Tristam,Nicholas,$5.85,10
233,Sausage - Meat,Rica,Gerek,$3.53,43
234,Blouse / Shirt / Sweater,Jessica,Denise,$8.28,18
235,Blouse / Shirt / Sweater,Rupert,Shara,$9.16,18
236,"Bread - Rolls, Rye",Bryna,Cahra,$3.49,21
237,Wine - Puligny Montrachet A.,Merrilee,Nita,$3.95,45
238,"Split Peas - Green, Dry",Lion,Trip,$4.54,22
239,Butter - Unsalted,Arni,Guglielma,$3.01,82
240,Tea - Orange Pekoe,Tamiko,See,$8.74,95
241,Wine - Barolo Fontanafredda,Pierette,Emmye,$7.01,49
242,Bananas,Raynell,Allie,$8.52,98
243,Bread - White Epi Baguette,Kora,Rosella,$1.06,1
244,Puree - Pear,Aland,Elizabet,$7.01,77
245,Veal - Heart,Leopold,Sadye,$5.63,45
246,Truffle Shells - Semi - Sweet,Helena,Lorin,$0.62,10
247,Potatoes - Idaho 80 Count,Ariela,Mitchel,$1.23,28
248,Anisette - Mcguiness,Elsie,Vasilis,$4.75,21
249,Tea - Herbal Sweet Dreams,Babs,Jacob,$0.79,6
250,Quiche Assorted,Maurise,Forbes,$1.46,42
251,Wine - Dubouef Macon - Villages,Sibel,Kale,$7.19,100
252,"Yogurt - Peach, 175 Gr",Jacob,Jervis,$9.30,20
253,Syrup - Monin - Granny Smith,Dilan,Josey,$7.28,7
254,Beef - Inside Round,Berget,Boy,$5.11,21
255,Wine - Valpolicella Masi,Malynda,Gleda,$3.14,5
256,Milk - Buttermilk,Patsy,Mahmoud,$8.04,97
257,Transfer Sheets,Nerita,Daune,$3.02,31
258,Guava,Boonie,Harri,$5.91,47
259,Wine - Tio Pepe Sherry Fino,Angel,Aylmar,$7.60,14
260,"Beef - Baby, Liver",Clay,Minnnie,$2.40,44
261,Gherkin - Sour,Gwenneth,Arnie,$9.00,18
262,Garlic,Harlie,Collen,$3.11,30
263,Straw - Regular,Peyter,Hilliary,$5.70,52
264,Wine - Fume Blanc Fetzer,Genovera,Rafi,$2.97,97
265,Bag Clear 10 Lb,Kira,Stanly,$1.38,14
266,Piping - Bags Quizna,Evaleen,Udall,$2.36,34
267,Wine - Riesling Dr. Pauly,Claudelle,Nell,$9.36,58
268,"Veal - Tenderloin, Untrimmed",Esme,Gery,$6.08,77
269,Broom Handle,Rey,Winslow,$7.55,64
270,Cabbage - Nappa,Joete,Neila,$3.85,89
271,Paste - Black Olive,Francisco,Arvin,$6.07,75
272,"Shrimp - 16/20, Peeled Deviened",Elvera,Tracey,$9.91,68
273,Mix - Cappucino Cocktail,Duncan,Darbie,$0.02,70
274,Table Cloth 81x81 White,Emilie,Dari,$1.18,6
275,Paper Cocktail Umberlla 80 - 180,Evelina,Mellisa,$7.50,38
276,Dasheen,Loren,Ambrosius,$3.61,78
277,Soup - Boston Clam Chowder,Robbie,Fonz,$6.62,90
278,Tomatoes - Roma,Brandise,Angeli,$1.84,89
279,Pate - Liver,Berte,Hedi,$7.32,2
280,Chocolate - Sugar Free Semi Choc,Rory,Otto,$1.68,81
281,Nut - Macadamia,Kirsten,Olly,$1.34,4
282,Water - Tonic,Crin,Sofia,$3.97,94
283,"Yogurt - Blueberry, 175 Gr",Rycca,Doralyn,$2.93,40
284,Petite Baguette,Regina,Toni,$9.47,96
285,Cheese - Cambozola,Rebeka,Ranna,$6.57,40
286,Bread - 10 Grain Parisian,Gabriele,Caresa,$0.58,12
287,Bread Roll Foccacia,Emily,Lavena,$3.81,71
288,Mudslide,Nora,Jasper,$1.79,83
289,Pork - Smoked Kassler,Bar,Vern,$8.76,31
290,"Capon - Breast, Double, Wing On",Tammara,Goldarina,$5.36,88
291,Fiddlehead - Frozen,Willetta,Kendricks,$5.88,6
292,Five Alive Citrus,Isabella,Ranna,$7.86,66
293,Sausage - Andouille,Kylie,Nicolas,$2.93,84
294,"Rum - White, Gg White",Stacey,Reidar,$4.47,26
295,"Beef - Bones, Cut - Up",Roger,Jillana,$4.64,22
296,Cookie Dough - Oatmeal Rasin,Micky,Sharlene,$1.41,15
297,"Yogurt - Raspberry, 175 Gr",Faunie,Carmelia,$8.49,62
298,Spinach - Baby,Janna,Wilden,$1.34,31
299,Snapple - Mango Maddness,Raoul,Jaquenette,$8.07,54
300,Versatainer Nc - 9388,Edith,Hailee,$4.48,94
301,Muffin Mix - Chocolate Chip,Vito,Manda,$4.68,98
302,Pork Ham Prager,Cesare,Peggy,$2.87,35
303,Lid - 16 Oz And 32 Oz,Rodolfo,Bil,$0.08,25
304,Shark - Loin,Corbie,Mirilla,$8.19,84
305,Beans - Kidney White,Shelby,Annie,$9.03,12
306,Phyllo Dough,Dulcea,Marge,$7.67,91
307,Beef - Striploin Aa,Mavra,Rip,$8.55,67
308,Sugar - Monocystal / Rock,Melody,Selinda,$3.83,36
309,Rice - Long Grain,Bryce,Parsifal,$1.25,81
310,Tart - Raisin And Pecan,Katusha,Osbourne,$9.32,80
311,"Bread - Roll, Calabrese",Janis,Erminia,$5.98,73
312,Cake - Lemon Chiffon,Elia,Sigmund,$0.00,25
313,Honey - Comb,Binny,Malorie,$9.89,7
314,"Wine - White, Riesling, Henry Of",Charyl,Fidel,$6.36,14
315,Extract - Raspberry,Marina,Dot,$9.78,68
316,Pickerel - Fillets,Orelee,Fredericka,$4.19,85
317,"Pasta - Elbows, Macaroni, Dry",Mirabel,Marthena,$6.47,10
318,Wine - Fat Bastard Merlot,Wilone,Susi,$3.70,8
319,Longos - Assorted Sandwich,Gardy,Bernie,$0.70,84
320,Vegetable - Base,Katherine,Berkie,$4.70,85
321,Cream - 18%,Jard,Kary,$6.43,41
322,Syrup - Monin - Blue Curacao,Antonina,El,$4.61,4
323,Bread - French Stick,Wilfrid,Hurley,$4.82,56
324,Chocolate - Semi Sweet,Rickard,Alyssa,$9.65,8
325,Curry Powder,Leonie,Francisca,$6.33,10
326,Nantucket Pine Orangebanana,Mireielle,Bari,$8.58,83
327,Lemon Pepper,Robinet,Dredi,$5.34,83
328,Chervil - Fresh,Pren,Rice,$9.81,97
329,Sobe - Liz Blizz,Deedee,Jamison,$3.82,37
330,Muffin - Mix - Creme Brule 15l,Justin,Jake,$3.43,14
331,Ecolab - Ster Bac,Ferrel,Hi,$0.95,29
332,Eel - Smoked,Haze,Eddie,$3.04,35
333,Cheese - Swiss,Olly,Larine,$9.13,78
334,Lettuce Romaine Chopped,Ernest,Jocelyn,$9.90,96
335,Containter - 3oz Microwave Rect.,Quill,Jerald,$2.94,47
336,Pancetta,Roxanne,Aretha,$4.60,95
337,"Soup - Campbells, Spinach Crm",Celestyna,Kim,$9.55,63
338,Arctic Char - Fillets,Rabi,Haskell,$9.16,21
339,Apple - Royal Gala,Maddy,Clarinda,$7.42,91
340,"Bread - Bagels, Plain",Barbara-anne,Silvanus,$3.86,77
341,"Bread - Dark Rye, Loaf",Tailor,Elonore,$3.40,29
342,"Pepper - Red, Finger Hot",Marcelle,Gabriella,$1.80,51
343,Turnip - Wax,Carver,Baron,$3.77,6
344,Wine - Ej Gallo Sonoma,Jacky,Kevon,$4.10,68
345,Blue Curacao - Marie Brizard,Al,Finn,$9.94,55
346,Cloves - Ground,Granny,Sindee,$0.29,37
347,Sherry - Dry,Missy,Gale,$2.55,99
348,Tomato - Peeled Italian Canned,Nathaniel,Allyn,$4.94,65
349,Wine - Remy Pannier Rose,Billy,Matti,$2.28,25
350,Pasta - Canelloni,Mitch,Sebastiano,$1.23,88
351,Pork - Caul Fat,Kelsey,Solomon,$3.24,56
352,Steel Wool S.o.s,Alexio,Amabel,$1.10,57
353,Sea Urchin,Godfree,Madeline,$4.38,67
354,"Oil - Truffle, Black",Austin,Courtney,$3.77,20
355,"Cheese - Cheddar, Medium",Hazlett,Yale,$8.59,42
356,Urban Zen Drinks,Dory,Sadye,$4.52,92
357,Sage - Ground,Lani,Jameson,$7.71,10
358,"Star Anise, Whole",Leonora,Bert,$5.17,12
359,"Soup - French Onion, Dry",Maurita,Isak,$3.82,37
360,Apples - Spartan,Sarita,Roseann,$3.92,27
361,Energy Drink - Franks Original,Dall,Vachel,$2.35,29
362,Sage Derby,Dacia,Gertrudis,$1.91,60
363,"Lamb - Whole, Fresh",Sylvester,Yolane,$6.96,1
364,"Jam - Blackberry, 20 Ml Jar",Aguie,Averil,$1.24,97
365,Beef Cheek Fresh,Jamesy,Drugi,$7.18,30
366,"Wine - White, Antinore Orvieto",Thedrick,Anna,$1.85,50
367,"Gingerale - Schweppes, 355 Ml",Fredra,Sigismundo,$7.50,37
368,"Soup - Clam Chowder, Dry Mix",Brandon,Athena,$9.92,46
369,Calaloo,Adele,Dalila,$2.21,82
370,Wine - Clavet Saint Emilion,Tadeo,Aharon,$9.43,42
371,Lamb - Rack,Robinson,Ursala,$2.98,45
372,Carbonated Water - Peach,Lin,Chelsey,$6.94,87
373,Cookies - Fortune,Neville,Bartram,$7.84,71
374,Salt And Pepper Mix - Black,Ann,Bertrando,$3.20,79
375,"Rum - Coconut, Malibu",Lincoln,Josephine,$4.12,77
376,Bread Roll Foccacia,Sarene,Yetta,$9.51,4
377,Plaintain,Merrielle,Clare,$6.88,47
378,Sauce - Oyster,Adah,Chad,$1.16,90
379,Beef - Tenderloin,Peggie,Gerrie,$7.21,62
380,"Pail - 4l White, With Handle",Ignacius,Peterus,$3.27,29
381,Ecolab - Hobart Washarm End Cap,Jeramie,Bastien,$9.50,26
382,"Juice - Orange, 341 Ml",Marketa,Terrance,$3.79,85
383,Browning Caramel Glace,Sly,Orly,$9.36,28
384,Potatoes - Fingerling 4 Oz,Hayley,Myriam,$2.24,85
385,Beets - Pickled,Corissa,Shelli,$8.84,35
386,Bols Melon Liqueur,Zebedee,Cully,$3.48,98
387,Muffin Mix - Blueberry,Olag,Brande,$4.25,12
388,"Sauce - Black Current, Dry Mix",Steve,Pam,$5.96,36
389,"Wine - Magnotta - Red, Baco",Claudio,Aldridge,$8.24,25
390,Potatoes - Yukon Gold 5 Oz,Reinold,Roseanna,$9.49,16
391,Sponge Cake Mix - Vanilla,Gerick,Adrea,$9.37,4
392,Yoghurt Tubes,Holli,Jessika,$2.43,99
393,Squid - U 5,Joanie,Kip,$6.67,28
394,Wasabi Powder,Sandy,Pamella,$7.69,17
395,Longos - Grilled Veg Sandwiches,Darelle,Neddy,$9.10,42
396,Trout Rainbow Whole,Vanya,Kipper,$6.05,35
397,Vanilla Beans,Branden,Cornie,$4.83,98
398,Isomalt,Darrel,Joby,$3.71,37
399,"Tart Shells - Savory, 4",Dominick,Goddard,$8.43,90
400,Dc Hikiage Hira Huba,Farlee,Anastasie,$5.55,51
401,Cheese - Pont Couvert,Andres,Asa,$5.16,15
402,Soup Campbells Split Pea And Ham,Georges,Cecilla,$2.86,65
403,Wine - Tio Pepe Sherry Fino,Lorilee,Greg,$5.34,73
404,Pepper - Chilli Seeds Mild,Alys,Luz,$1.79,17
405,Coffee - Decafenated,Cynthea,Augustine,$3.39,85
406,Puree - Strawberry,Nata,Bevin,$8.27,45
407,"Yogurt - Strawberry, 175 Gr",Rochell,Umberto,$8.97,62
408,"Jam - Raspberry,jar",Gwenni,Nadiya,$8.05,98
409,Cookies Cereal Nut,Bella,Annalee,$1.68,59
410,Chicken - Soup Base,Rosemary,Bernarr,$6.41,55
411,"Turkey - Breast, Double",Goldi,Ramona,$6.99,8
412,Soup Knorr Chili With Beans,Minta,Suzette,$8.16,50
413,Ostrich - Fan Fillet,Hillery,Danny,$1.04,34
414,"Nut - Almond, Blanched, Sliced",Kendra,Carlee,$3.14,94
415,"Wine - White, Pinot Grigio",Barthel,Lilia,$5.57,88
416,Pail For Lid 1537,Forester,Juliet,$1.25,57
417,Wine - Two Oceans Cabernet,Toby,Imelda,$6.96,64
418,Pepper - Chili Powder,Edith,Stanleigh,$7.92,85
419,"Beef - Kindney, Whole",Francene,Madlen,$4.57,18
420,The Pop Shoppe - Grape,Lock,Kiele,$0.07,77
421,Eel Fresh,Kandy,Debora,$5.87,74
422,Wine - Chianti Classico Riserva,Stephanus,Sean,$1.70,74
423,Pomello,Adrien,Rodi,$9.62,28
424,Long Island Ice Tea,Ede,Darrick,$2.57,42
425,Icecream Bar - Del Monte,Culley,Anallise,$4.16,69
426,Potatoes - Fingerling 4 Oz,Ilse,Hatti,$9.21,88
427,Brandy Apricot,Chandra,Yvonne,$0.31,73
428,Pomegranates,Saunderson,Kirbee,$3.72,38
429,Cotton Wet Mop 16 Oz,Quentin,Davita,$0.97,58
430,Remy Red,Denise,Julia,$3.44,26
431,Wine - Shiraz Wolf Blass Premium,Kathryne,Devin,$3.03,10
432,Bread - Bistro Sour,Quinton,Dagny,$5.04,27
433,Bread - Multigrain,Blake,Jesse,$8.55,72
434,"Oil - Shortening,liqud, Fry",Gwendolin,Ericka,$7.18,29
435,Tandoori Curry Paste,Mitchael,Faydra,$0.23,31
436,Table Cloth 54x54 White,Norbie,Clarine,$8.87,32
437,Cornstarch,Nikolas,Tasia,$8.07,63
438,"Beef - Bones, Cut - Up",Ephraim,Andriette,$2.08,34
439,Soap - Pine Sol Floor Cleaner,Cissy,Clerkclaude,$3.10,3
440,Veal - Leg,Chan,Keeley,$6.35,7
441,Tea - Grapefruit Green Tea,Brittan,Ruthe,$9.06,43
442,Bread - Malt,Jori,Neale,$4.89,59
443,Pastry - Mini French Pastries,Barney,Gaile,$6.75,58
444,Meldea Green Tea Liquor,Sheena,Pen,$8.51,76
445,Pastry - Lemon Danish - Mini,Culley,Clayton,$5.55,6
446,Lid Coffeecup 12oz D9542b,Yetty,Kristel,$2.95,25
447,Oven Mitts 17 Inch,Ronnie,Britni,$4.69,85
448,Cake - Cake Sheet Macaroon,Arlena,Charis,$3.15,1
449,Pork - Backfat,Sonja,Maybelle,$3.28,84
450,Pork - Bones,Evangelina,Ardyce,$1.85,25
451,"Sauce - Apple, Unsweetened",Boy,Murdoch,$9.82,7
452,Wine - Merlot Vina Carmen,Liz,Sacha,$0.76,60
453,"Bread - Dark Rye, Loaf",Rosalie,Cherlyn,$7.42,32
454,"Bread - Roll, Calabrese",Peder,Betteann,$1.56,42
455,"Pepper - Paprika, Spanish",Bonnee,Carola,$2.43,39
456,Vegetable - Base,Olenolin,Jerad,$8.45,66
457,Beef - Short Ribs,Ilario,Dulci,$8.65,44
458,Coffee Caramel Biscotti,Franky,Jamesy,$6.08,89
459,Berry Brulee,Susette,Merola,$4.99,71
460,Wine - Dubouef Macon - Villages,Roderigo,Chic,$6.14,53
461,Devonshire Cream,Willie,Jeramie,$7.04,57
462,White Fish - Filets,Wilfrid,Marshall,$2.78,20
463,"Plate - Foam, Bread And Butter",Stillman,Teador,$2.13,35
464,Puree - Kiwi,Humbert,Sig,$7.15,59
465,Sugar Thermometer,Nickolaus,Travis,$0.90,38
466,Initation Crab Meat,Jessalyn,Obadiah,$2.19,67
467,Wine - Riesling Alsace Ac 2001,Kayla,Zoe,$2.78,55
468,Pizza Pizza Dough,Gasper,Terri,$4.41,27
469,Pork Ham Prager,Vasily,Nataniel,$9.65,73
470,Lid - 0090 Clear,Silvana,Brunhilda,$1.60,94
471,Lid Coffee Cup 8oz Blk,Ali,Verney,$1.38,14
472,"Apple - Delicious, Golden",Darbie,Madlen,$9.47,24
473,Bread - Italian Sesame Poly,Bonita,Tully,$5.32,4
474,Port - 74 Brights,Gage,Tore,$7.34,69
475,Wine - Black Tower Qr,Barbra,Enrica,$2.26,23
476,Barramundi,Jorey,Curtice,$9.28,18
477,Cheese - Grana Padano,Eydie,Alaine,$8.65,51
478,Cheese Cloth No 100,Milli,Silvio,$5.51,60
479,Appetizer - Escargot Puff,Chantalle,Oby,$5.62,44
480,"Lemonade - Black Cherry, 591 Ml",Calhoun,Jedediah,$9.58,11
481,Berry Brulee,Von,Leonelle,$10.00,45
482,Coffee - Irish Cream,Lonnie,Lucian,$3.65,37
483,Capicola - Hot,Karlyn,Myrtice,$3.31,54
484,"Yogurt - Banana, 175 Gr",Chrisy,Jolee,$3.97,87
485,Godiva White Chocolate,Melinda,Margret,$4.98,2
486,Shrimp - Tiger 21/25,Edgardo,Sorcha,$1.80,95
487,"Onions - Dried, Chopped",Lucia,Regan,$1.37,37
488,Rice - Wild,Malachi,Aloysius,$3.94,17
489,Orange Roughy 4/6 Oz,Christina,Salvatore,$0.85,79
490,Cape Capensis - Fillet,Toddie,Johnny,$9.83,84
491,Flavouring - Orange,Madalyn,Yvor,$7.29,78
492,"Bread - Roll, Whole Wheat",Jenni,Edgardo,$9.76,15
493,Bread Ww Cluster,Peyter,Cyrus,$6.32,1
494,Anchovy Fillets,Skipton,Eba,$6.85,86
495,Carroway Seed,Wilburt,Ole,$4.83,52
496,Tea - Black Currant,Christian,Eran,$7.71,27
497,"Crab - Claws, Snow 16 - 24",Tonnie,Bank,$7.30,75
498,"Juice - Clam, 46 Oz",Giles,Inger,$6.76,100
499,Green Scrubbie Pad H.duty,Tracey,Ramsay,$1.35,42
500,Bar Nature Valley,Englebert,Allistir,$2.92,38
501,Sprouts Dikon,Cordelie,Laurene,$6.18,61
502,Bread - Mini Hamburger Bun,Cordi,Chaddy,$3.53,80
503,Dome Lid Clear P92008h,Cherilyn,Jeremiah,$3.99,15
504,Cocoa Butter,Hannie,Alexia,$6.34,87
505,Sesame Seed Black,Renee,Niki,$5.68,82
506,Pie Shells 10,Addie,Kelby,$7.18,82
507,Beef - Short Ribs,Evangelia,Viv,$3.28,80
508,"Lettuce - Romaine, Heart",Daniel,Benedict,$4.34,88
509,"Napkin - Dinner, White",Jody,Franni,$3.94,60
510,Veal - Sweetbread,Hinda,Kirsti,$2.06,38
511,Petit Baguette,Jessie,Chase,$5.87,49
512,Sandwich Wrap,Lucia,Barrett,$0.27,5
513,"Soda Water - Club Soda, 355 Ml",Hermy,Curran,$2.51,63
514,Tray - 16in Rnd Blk,Margeaux,Micaela,$0.03,15
515,Beef - Bresaola,Kingsly,Dulcy,$8.83,91
516,Pectin,Timothea,Ambrosius,$1.05,61
517,Flour - Whole Wheat,Charmion,Lillian,$9.82,20
518,"Wine - White, Antinore Orvieto",Ashia,Brady,$7.50,44
519,"Mushroom - Oyster, Fresh",Nobe,Clementina,$0.70,53
520,Cake - French Pear Tart,Chelsie,Adan,$4.52,42
521,"Pepper - White, Whole",Teresa,Danielle,$4.43,77
522,Sage Derby,Caddric,Elisha,$8.44,66
523,Jello - Assorted,Cordi,Jackson,$4.40,8
524,"Potatoes - Yukon Gold, 80 Ct",Sancho,Oliy,$8.69,22
525,"Brocolinni - Gaylan, Chinese",Ganny,Arny,$2.15,72
526,Wine - Chenin Blanc K.w.v.,Athena,Whitman,$6.53,30
527,Table Cloth - 53x69 Colour,Esme,Tybie,$8.94,9
528,Wine - Magnotta - Belpaese,Sorcha,Janeva,$4.89,66
529,Carbonated Water - White Grape,Tarra,Theodoric,$5.80,61
530,Pate - Liver,Nara,Delly,$9.05,59
531,Maintenance Removal Charge,Mattie,Whitman,$3.10,88
532,Bread - Ciabatta Buns,Christoffer,Micheil,$8.63,87
533,Lamb - Bones,Fiona,Ibbie,$0.30,78
534,Pear - Prickly,Nedda,Doyle,$1.59,4
535,"Mushroom - Chantrelle, Fresh",Isabel,Lexis,$2.40,62
536,Flour - So Mix Cake White,Gordie,Cobby,$9.96,76
537,Quail Eggs - Canned,Estevan,Eleonore,$1.24,67
538,"Soup - Knorr, Veg / Beef",Carmelle,Trip,$1.13,47
539,Tea - Decaf Lipton,Regen,Karylin,$1.65,97
540,Flour Pastry Super Fine,Boone,Emmanuel,$0.19,34
541,Pepper - Orange,Tyne,Robbie,$2.59,22
542,Grand Marnier,Hebert,Kaspar,$3.82,67
543,"Bread - Pullman, Sliced",Ingrid,Dorolice,$1.29,66
544,Cheese - Gorgonzola,Karole,Gill,$5.52,66
545,Flour - Chickpea,Glenna,Tarah,$0.55,25
546,"Spoon - Soup, Plastic",Gabriell,Weston,$5.80,25
547,Raisin - Dark,Dulcia,Ali,$1.15,86
548,"Pork - Bacon, Double Smoked",Seline,Caryl,$9.15,76
549,Wine - Dubouef Macon - Villages,Courtnay,Angelico,$2.58,79
550,Pastry - Carrot Muffin - Mini,Florette,Herminia,$0.47,62
551,Hipnotiq Liquor,Prudi,Loralee,$6.48,43
552,"Ice - Clear, 300 Lb For Carving",Erin,Terry,$5.71,14
553,Cake - Night And Day Choclate,Ellsworth,Hilda,$4.26,38
554,Rambutan,Nikkie,Maressa,$1.85,4
555,"Soda Water - Club Soda, 355 Ml",Hynda,Fidel,$8.28,70
556,Oven Mitts - 15 Inch,Lenka,Cecilla,$3.14,14
557,"Juice - Orange, 341 Ml",Maiga,Early,$5.73,17
558,"Tortillas - Flour, 8",Erhard,Bat,$9.16,25
559,Pork Ham Prager,Hilliary,Marla,$0.82,79
560,Chocolate Bar - Smarties,Barthel,Harland,$7.04,89
561,Apricots - Halves,Hynda,Jabez,$5.84,87
562,Tea Leaves - Oolong,Dominga,Melony,$8.91,75
563,Loquat,Deeann,Tess,$7.20,37
564,Scallops 60/80 Iqf,Sutherlan,Nevil,$4.73,59
565,Salt - Celery,Ailee,Mickie,$3.74,40
566,Onions - Cooking,Bryon,Stephine,$2.54,50
567,Parsley - Fresh,Madelaine,Niles,$1.48,53
568,Melon - Watermelon Yellow,Briant,Erhard,$2.01,80
569,"Glass - Wine, Plastic, Clear 5 Oz",Rosco,Elane,$4.53,81
570,Sandwich Wrap,Artur,Ashien,$9.20,16
571,Soup Campbells Turkey Veg.,Nobe,Rosella,$1.63,14
572,"Pasta - Fettuccine, Egg, Fresh",Wolfgang,Sanson,$1.98,75
573,Nestea - Iced Tea,Marvin,Shana,$1.72,58
574,Crab - Meat Combo,Cam,Melodee,$0.24,94
575,Oil - Safflower,Sanford,Lazare,$3.02,9
576,"Appetizer - Spring Roll, Veg",Chere,Fons,$3.27,85
577,Rappini - Andy Boy,Joaquin,Bonny,$4.65,28
578,Transfer Sheets,Devondra,Martyn,$7.02,17
579,Vinegar - White,Berni,Uriah,$5.99,58
580,"Pepsi, 355 Ml",Gus,Nikolai,$0.73,73
581,Pastry - French Mini Assorted,Shadow,Adora,$2.27,26
582,Beer - Muskoka Cream Ale,Georgeanne,Boyd,$3.88,29
583,Shrimp - Prawn,Jimmie,Sophronia,$4.29,54
584,"Brownies - Two Bite, Chocolate",Nicole,Dolly,$9.94,5
585,Vinegar - Tarragon,Kordula,Eadith,$1.46,50
586,Tequila - Sauza Silver,Cindy,Newton,$7.28,13
587,Ecolab Crystal Fusion,Missie,Tremayne,$0.51,35
588,Oil - Macadamia,Louisa,Idell,$9.82,50
589,"Soup - Knorr, Chicken Gumbo",Meredithe,Alick,$5.48,30
590,Shrimp - Black Tiger 8 - 12,Diandra,Kathy,$8.95,22
591,Veal - Leg,Aggi,Marji,$9.00,55
592,Salt - Celery,Gabbi,Alejandra,$9.18,33
593,Chicken - Whole Roasting,Elonore,Georgianna,$3.48,12
594,Pastry - Carrot Muffin - Mini,Nataniel,Crysta,$1.60,7
595,Chocolate - Liqueur Cups With Foil,Judith,Reynard,$0.85,4
596,Ecolab - Hand Soap Form Antibac,Ingelbert,Marlena,$8.12,29
597,"Juice - Cranberry, 341 Ml",Carmina,Hetti,$9.32,74
598,Ice Cream Bar - Hageen Daz To,Shelba,Theodora,$2.19,26
599,Wine - Niagara Peninsula Vqa,Whitby,Marin,$0.78,12
600,Soup - Verve - Chipotle Chicken,Broddie,Latia,$6.46,25
601,Table Cloth 62x120 White,Niles,Amabelle,$0.77,53
602,Quinoa,Dian,Hilario,$8.75,7
603,Tomatoes - Grape,Rebbecca,Tandy,$3.05,17
604,V8 - Tropical Blend,Aurora,Licha,$5.48,42
605,Versatainer Nc - 888,Shel,Felicle,$9.78,95
606,Cheese - Wine,Vinnie,Valentine,$2.28,11
607,"Mushroom - Porcini, Dry",Dione,Chauncey,$9.49,31
608,Soup - Campbells Beef Stew,Chadwick,Kizzie,$0.46,64
609,Squash - Pepper,Geralda,Gustaf,$9.26,51
610,"Wine - Red, Antinori Santa",Nicoli,Rudie,$0.32,84
611,Pickles - Gherkins,Dimitry,Jemima,$8.69,2
612,Remy Red,Esdras,Adriaens,$5.18,11
613,Lotus Leaves,Janela,Antoine,$8.13,79
614,Onions - Green,Kettie,Nola,$6.32,3
615,Bread Base - Italian,Carine,Marcel,$1.31,99
616,Veal - Liver,Garvin,Glyn,$0.22,85
617,Tomatoes - Hot House,Ashli,Amy,$5.28,39
618,Otomegusa Dashi Konbu,Misti,Modestia,$0.03,14
619,Marjoram - Fresh,Hakim,Caesar,$9.62,64
620,Browning Caramel Glace,Eadmund,Issiah,$3.59,2
621,Skewers - Bamboo,Clarine,Ezra,$4.57,77
622,Appetizer - Escargot Puff,Spencer,Schuyler,$9.95,94
623,Peach - Fresh,Ody,Consuela,$4.91,12
624,Lettuce - Green Leaf,Woody,Mauricio,$1.14,62
625,Cookie Chocolate Chip With,Talbot,Arte,$3.32,10
626,Zucchini - Yellow,Elsy,Karlik,$1.15,92
627,Wine - Jackson Triggs Okonagan,Ines,Westleigh,$5.34,14
628,Artichokes - Jerusalem,Kippy,Rutger,$5.18,77
629,Cinnamon - Stick,Grayce,Arnold,$4.95,92
630,Pasta - Orecchiette,Kingston,Tabby,$3.89,32
631,Coffee - 10oz Cup 92961,Susette,Candy,$9.36,36
632,"Trout - Rainbow, Frozen",Christie,Jaquelyn,$6.27,91
633,Food Colouring - Orange,Devinne,Mitzi,$3.64,64
634,Icecream Cone - Areo Chocolate,Riannon,Zarla,$3.77,6
635,Liners - Baking Cups,Carissa,Denise,$4.87,55
636,Lid Tray - 12in Dome,Wallis,Tybalt,$4.39,68
637,Kohlrabi,Nancey,Benjy,$3.96,64
638,Oil - Sesame,Thedric,Smitty,$0.59,19
639,Yoplait - Strawbrasp Peac,Brunhilde,Mar,$2.63,5
640,Nut - Pumpkin Seeds,Kirsti,Miguela,$8.11,37
641,Wine - Port Late Bottled Vintage,Morgan,Karla,$5.02,92
642,Appetiser - Bought,Gertrude,Dasi,$7.85,8
643,Pastry - Apple Large,Rozella,Ninnetta,$8.11,44
644,Muffin Chocolate Individual Wrap,Benny,Prescott,$4.74,93
645,Wine - Niagara Peninsula Vqa,Carmine,Matelda,$3.20,73
646,Cod - Black Whole Fillet,Dedra,Patricio,$9.47,10
647,Flower - Commercial Bronze,Horten,Twyla,$4.47,50
648,"Sauce - Black Current, Dry Mix",Salomo,Britt,$3.41,28
649,Potatoes - Mini Red,Shalna,Arman,$6.54,93
650,Wine - Casillero Deldiablo,Katinka,Kristin,$1.38,49
651,Herb Du Provence - Primerba,Hesther,Cecilla,$6.48,2
652,"Wine - White, Pinot Grigio",Aloysius,Nanny,$6.34,54
653,Wine - Gewurztraminer Pierre,Felicity,Morganica,$5.25,68
654,"Mushroom - Enoki, Dry",Helena,Andreana,$5.43,36
655,Muffin - Mix - Creme Brule 15l,Kain,Thomas,$7.39,43
656,Magnotta - Bel Paese White,Lalo,Natasha,$3.41,33
657,Nantucket Orange Juice,Cherry,Gae,$1.79,24
658,Ham - Cooked Italian,Lorraine,Allene,$3.05,7
659,Cranberries - Frozen,Asa,Andy,$0.31,31
660,Bread - Wheat Baguette,Lloyd,Kelsy,$8.34,95
661,Cloves - Whole,Aline,Donia,$7.28,98
662,Tomatoes,Ethyl,Conchita,$8.11,95
663,Oil - Sesame,Edd,Dickie,$6.11,27
664,Soup Campbells - Italian Wedding,Hetti,Moishe,$0.80,89
665,Cabbage - Green,Zebadiah,Panchito,$0.91,2
666,Towel Dispenser,Skye,Alicia,$0.56,73
667,Bagel - Ched Chs Presliced,Maxi,Sigismondo,$2.24,63
668,"Beef - Cooked, Corned",Marlee,Jarret,$5.15,18
669,Beef - Top Sirloin,Elsworth,Davita,$1.70,19
670,Soup Campbells Mexicali Tortilla,Zollie,Leopold,$2.56,47
671,Radish - Pickled,Dionysus,Reggi,$8.46,100
672,Oil - Sesame,Tallulah,Gretchen,$9.10,64
673,Lamb - Shanks,Leola,Timothy,$6.50,75
674,Flour - Cake,Pamelina,Hamel,$2.05,93
675,Lamb - Rack,Emmie,Nathalie,$0.77,45
676,Creamers - 10%,Gaultiero,Aldin,$4.97,76
677,Cheese - Pont Couvert,Ruthanne,Daisy,$2.85,60
678,Couscous,Alisun,Derril,$6.89,31
679,"Wine - Red, Colio Cabernet",Nickie,Garek,$3.62,96
680,Pate Pans Yellow,Gerda,Karee,$4.18,38
681,Lettuce - Lolla Rosa,Katharine,Russell,$2.77,65
682,Milk 2% 500 Ml,Jewel,Delora,$6.98,13
683,Chocolate - Dark Callets,Ailina,Louise,$0.95,73
684,"Melon - Watermelon, Seedless",Donnie,Lorilee,$2.66,40
685,Mince Meat - Filling,Emmet,Elizabeth,$8.02,26
686,Rabbit - Legs,Debera,Frankie,$8.25,43
687,Island Oasis - Wildberry,Martin,Naomi,$0.03,36
688,Cookies Cereal Nut,Wallis,Matthus,$5.31,72
689,Sour Puss - Tangerine,Selma,Marie-jeanne,$6.73,75
690,Sauce - Roasted Red Pepper,Jessie,Melissa,$1.11,81
691,"Brandy - Orange, Mc Guiness",Jimmy,Alys,$9.91,98
692,Cod - Fillets,Eudora,Darren,$6.75,92
693,Oil - Grapeseed Oil,Nicolais,Pepita,$9.32,33
694,Crab Meat Claw Pasteurise,Myron,Michail,$2.21,94
695,Cheese Cloth No 60,Monty,Karmen,$0.52,94
696,Tomato Puree,Rivkah,Coleen,$2.54,62
697,Pie Filling - Cherry,Lezlie,Marga,$1.89,13
698,Sausage - Liver,Page,Kaycee,$4.53,79
699,Island Oasis - Strawberry,Jobey,Reinhold,$6.78,23
700,Onions - Spanish,Reinald,Quincey,$3.24,20
701,Sage Ground Wiberg,Stewart,Juliana,$9.57,81
702,Dish Towel,Marigold,Leda,$9.32,87
703,Eggplant Italian,Tarra,Peria,$4.28,54
704,The Pop Shoppe - Cream Soda,Anthony,Ranee,$8.19,100
705,Wine - Pinot Noir Latour,Ethelin,Carlyle,$3.00,55
706,Coffee - Decafenated,Pavla,Quintina,$1.69,29
707,Fenngreek Seed,Archer,York,$4.56,12
708,"Bread - Rolls, Rye",Karissa,Zena,$2.29,80
709,"Shrimp - Baby, Warm Water",Edeline,Elka,$9.58,83
710,"Soup - Campbells, Creamy",Marietta,Marmaduke,$4.41,30
711,Wine - Chardonnay South,Gabbey,Terrance,$0.94,76
712,"Beans - Kidney, Red Dry",Carie,Nathaniel,$6.80,42
713,Sprouts - Bean,Muriel,Ruprecht,$1.62,69
714,Syrup - Pancake,Pippo,Marietta,$2.38,51
715,"Beef - Tenderlion, Center Cut",Spense,Walker,$8.73,32
716,Limes,Laina,Fiorenze,$0.57,15
717,Apple - Granny Smith,Ursa,Vaughan,$8.56,9
718,"Wine - White, Pinot Grigio",Desdemona,Pris,$7.55,69
719,Crackers - Water,Stearne,Ferrel,$7.11,38
720,Juice - Lime,Clary,Lesley,$7.00,15
721,Chicken - Leg / Back Attach,Corbet,Marius,$1.40,78
722,"Turkey - Breast, Boneless Sk On",Rock,Sibbie,$6.51,56
723,"Beans - Black Bean, Dry",Ilka,Ottilie,$6.34,84
724,Chocolate - Compound Coating,Gregorius,Ludovico,$7.39,15
725,Puff Pastry - Sheets,Andrea,Lorna,$7.83,7
726,"Wine - White, Pinot Grigio",Juli,Leah,$2.27,100
727,Oil - Peanut,Meredeth,Alan,$9.05,61
728,Flour - Fast / Rapid,Kristal,Margarette,$3.80,12
729,Chef Hat 20cm,Patience,Shadow,$1.47,64
730,Cheese - Blue,Christian,Vonni,$5.95,66
731,"Cherries - Maraschino,jar",Bryna,Kristan,$5.23,41
732,Swordfish Loin Portions,Lurline,Terry,$8.41,43
733,Lotus Root,Dodi,Sanderson,$5.16,1
734,Pork - Kidney,Karrie,Noland,$9.80,2
735,Pie Box - Cello Window 2.5,Jammie,Flynn,$0.94,36
736,"Carrots - Purple, Organic",Dela,Helaine,$5.54,82
737,Apricots Fresh,Bjorn,Haleigh,$7.80,41
738,"Crush - Orange, 355ml",Birk,Ebony,$1.99,77
739,"Pasta - Shells, Medium, Dry",Sioux,Charis,$7.40,16
740,Appetiser - Bought,Andros,Dwight,$3.96,64
741,Wine - Manischewitz Concord,Lorri,Gwyneth,$8.91,44
742,Lettuce - Curly Endive,Putnam,Rozalie,$6.47,56
743,Cup - Paper 10oz 92959,Annelise,Sibby,$5.14,87
744,Bread Crumbs - Japanese Style,Aridatha,Meggi,$0.95,41
745,Jolt Cola,Kristal,Nariko,$0.28,83
746,Bacardi Mojito,Ketty,Aubert,$7.09,66
747,"Artichoke - Hearts, Canned",Mabelle,Isabel,$6.00,99
748,Mushroom - Portebello,Andres,Ferdinande,$7.31,52
749,Juice - Mango,Edgard,Cathie,$9.67,50
750,Scrubbie - Scotchbrite Hand Pad,Pincas,Eddy,$6.62,76
751,Flour - Whole Wheat,Garwood,Curtice,$8.71,23
752,Sugar - Brown,Son,Sarajane,$7.45,1
753,Pastry - Choclate Baked,Martino,Lamond,$8.15,75
754,Danishes - Mini Raspberry,Virgil,Marja,$1.53,88
755,Dome Lid Clear P92008h,Binni,Humfried,$4.89,64
756,"Stock - Beef, Brown",Lyell,Georgeta,$2.81,59
757,Durian Fruit,Avery,Wallis,$7.38,31
758,Straws - Cocktale,Doll,Marigold,$2.55,2
759,Sesame Seed,Earlie,Amber,$9.31,91
760,Langers - Cranberry Cocktail,Tess,Everett,$2.09,49
761,Longos - Chicken Cordon Bleu,Fionna,Carena,$7.58,38
762,Salt - Sea,Pepi,Linn,$1.99,72
763,"Pail - 15l White, With Handle",Barby,Lemar,$6.95,38
764,Sugar - Monocystal / Rock,Dominik,Maureen,$4.00,39
765,Cake - Cheese Cake 9 Inch,Kyle,Fernando,$9.30,1
766,Breakfast Quesadillas,Willi,Patrica,$4.19,36
767,"Pasta - Rotini, Colour, Dry",Kelsy,Talbot,$1.67,10
768,Beans - Wax,Alli,Ginni,$8.38,34
769,Cheese - Camembert,Derby,Roanna,$5.51,98
770,Wine - Malbec Trapiche Reserve,Zeb,Burty,$0.64,76
771,Chicken - Whole,Alford,Wesley,$8.96,55
772,Water - Spring 1.5lit,Krystle,Codie,$2.19,78
773,Hot Choc Vending,Christian,Riannon,$0.81,50
774,Beef - Top Butt Aaa,Gerrie,Deni,$7.10,84
775,Beer - Fruli,Micky,Ari,$5.77,2
776,Glass Clear 8 Oz,Augustina,Rees,$8.49,97
777,Straws - Cocktale,Kirby,Glen,$6.92,32
778,Seabream Whole Farmed,Lennie,Kim,$8.07,95
779,Sambuca Cream,Sukey,Alison,$6.97,53
780,Wine - Clavet Saint Emilion,Hamish,Jacinda,$1.19,90
781,Wine - Balbach Riverside,Arvy,Godwin,$3.21,89
782,"Pork - Bacon, Sliced",Lethia,Collin,$1.02,38
783,Capers - Pickled,Mile,Gabey,$4.72,47
784,Wine - Savigny - Les - Beaune,Winnie,Red,$8.76,42
785,Yeast Dry - Fermipan,Basil,Kimberlee,$2.29,66
786,Chips Potato Swt Chilli Sour,Kaye,Ethyl,$9.06,12
787,"Vermacelli - Sprinkles, Assorted",Tiphanie,Felisha,$3.94,34
788,Wine - Jafflin Bourgongone,Georgianne,Eduard,$2.28,82
789,Mountain Dew,Jewel,Stesha,$7.44,77
790,Bonito Flakes - Toku Katsuo,Alvera,Steffane,$1.87,45
791,Creme De Banane - Marie,Maribeth,Yorke,$7.73,10
792,Puree - Mocha,Janine,Catherine,$5.61,42
793,Cheese - Pont Couvert,Valerie,Dyan,$2.02,35
794,Appetiser - Bought,Annamarie,Lebbie,$4.41,4
795,Cape Capensis - Fillet,Deana,Ashton,$1.72,60
796,"Juice - Clam, 46 Oz",Nicola,Marlee,$6.38,18
797,Emulsifier,Stevena,Ferne,$8.58,34
798,Lychee,Danya,Alejandro,$5.02,61
799,"Garlic - Primerba, Paste",Lamont,Verena,$3.18,83
800,Mahi Mahi,Huey,Alicia,$6.05,50
801,"Turkey - Breast, Bone - In",Maisey,Dominica,$10.00,44
802,Scallops 60/80 Iqf,Shannon,Rebekkah,$2.66,11
803,Cookies - Assorted,Hamlin,Theobald,$0.52,41
804,Cod - Fillets,Bobby,Genni,$4.70,14
805,Zucchini - Green,Klaus,Maridel,$7.93,32
806,"Chicken - Diced, Cooked",Lucienne,Gilberto,$9.63,99
807,Olives - Nicoise,Vivienne,Claudianus,$4.53,9
808,Green Tea Refresher,Selle,Izak,$6.36,52
809,Carbonated Water - Peach,Kerry,Alexis,$9.69,53
810,Wine - Segura Viudas Aria Brut,Ganny,Jennica,$2.92,28
811,Potato - Sweet,Madonna,Sigfrid,$7.30,45
812,Muffin Hinge - 211n,Rosanna,Morey,$5.93,94
813,"Coconut - Shredded, Unsweet",Joane,Ardelia,$6.53,20
814,Pears - Bartlett,Franny,Mabelle,$7.69,2
815,Goat - Leg,Sebastiano,Burr,$0.27,6
816,Salmon - Canned,Geoffrey,Ad,$2.86,67
817,Anchovy Fillets,Brigham,Andeee,$7.02,60
818,Dried Cranberries,Teodoro,Terese,$9.56,27
819,Towels - Paper / Kraft,Cedric,Anett,$1.25,48
820,Pork - Hock And Feet Attached,Emiline,Lillis,$4.64,95
821,Lettuce - Radicchio,Octavia,Matt,$7.24,86
822,Orange - Blood,Prent,Zorina,$3.70,72
823,Energy - Boo - Koo,Stella,Gearard,$0.90,89
824,Fennel - Seeds,Inge,Davis,$2.88,12
825,"Cherries - Bing, Canned",Dwight,Lorna,$0.72,12
826,Sage - Rubbed,Gearalt,Marissa,$0.59,13
827,Ecolab - Mikroklene 4/4 L,Quintina,Sayres,$5.25,23
828,Truffle Shells - White Chocolate,Mort,Torey,$9.28,97
829,Cheese - Bocconcini,Coralyn,Anstice,$3.74,31
830,Kiwi Gold Zespri,Opal,Doti,$3.46,43
831,Soup - Base Broth Beef,Marcel,Margalo,$9.18,40
832,Soupcontfoam16oz 116con,Gail,Giselbert,$9.30,1
833,Oranges,Betta,Carina,$2.65,86
834,Water - Perrier,Berry,Lexis,$8.89,24
835,Pork - Shoulder,Car,Stearne,$2.14,72
836,Spinach - Packaged,Brandi,Mickey,$3.44,72
837,Liqueur - Melon,Donnie,Florentia,$0.62,88
838,"Trout - Hot Smkd, Dbl Fillet",Fritz,Clotilda,$8.85,84
839,Drambuie,Bud,Dee dee,$1.72,3
840,Longos - Greek Salad,Jess,Katharine,$7.26,33
841,Ecolab - Solid Fusion,Emmaline,Woodie,$0.42,75
842,Sausage - Meat,Andie,Dolf,$9.25,91
843,Carroway Seed,Luisa,Marcile,$2.50,81
844,Steam Pan Full Lid,Seline,Rina,$8.80,68
845,Beans - Green,Brandea,Tadio,$0.97,59
846,"Stock - Beef, Brown",Tuesday,Hollie,$4.09,38
847,Cocoa Powder - Natural,Ethel,Kayne,$6.44,77
848,Mortadella,Lothario,Euphemia,$9.10,53
849,Sprouts - Corn,Quinton,Nichol,$8.39,40
850,Duck - Fat,Colly,Patsy,$3.60,81
851,Soup Campbells - Tomato Bisque,Hanan,Agatha,$2.97,47
852,Alize Red Passion,Win,Adan,$1.01,36
853,"Vermouth - Sweet, Cinzano",Ebonee,Garrard,$1.85,26
854,Bread - Ciabatta Buns,Vickie,Abbey,$6.48,63
855,Dragon Fruit,Fredericka,Victoir,$5.45,67
856,"Turkey - Breast, Boneless Sk On",Corenda,Eugine,$3.22,26
857,Juice - Cranberry 284ml,Rodie,Ronna,$5.06,24
858,Foam Tray S2,Joelly,Aurore,$7.68,66
859,Sambuca Cream,Eran,Rosaline,$0.91,22
860,Cocktail Napkin Blue,Symon,Torre,$5.60,45
861,Salmon Steak - Cohoe 6 Oz,Thibaut,Falito,$2.68,83
862,Sugar - Fine,Alix,Timmy,$5.61,14
863,Rhubarb,Harv,Valina,$6.51,79
864,Assorted Desserts,Guthrey,Isa,$4.93,50
865,Oregano - Fresh,Mina,Ilise,$4.67,74
866,Cardamon Ground,Inglis,Marcelia,$3.34,41
867,"Pork - Tenderloin, Fresh",Yetty,Prent,$0.42,83
868,Grouper - Fresh,Shari,Ronnie,$2.62,27
869,The Pop Shoppe - Grape,Hali,Molly,$2.72,86
870,Fennel - Seeds,Donna,Dallas,$7.12,71
871,Table Cloth 62x114 Colour,Chaim,Esmaria,$2.97,70
872,Mix - Cappucino Cocktail,Elfrida,Francois,$2.87,65
873,"Soup - Campbells, Minestrone",Minni,Vasily,$4.46,56
874,Cheese - Perron Cheddar,Ragnar,Edith,$9.68,31
875,Dried Figs,Rolland,Natty,$9.05,3
876,Dish Towel,Sharity,Janet,$1.60,9
877,Nacho Chips,Carolus,Nevin,$3.24,67
878,Chicken - Ground,Wiatt,Brand,$8.35,57
879,Wine - Two Oceans Sauvignon,Davon,Ashia,$1.85,46
880,Sage - Ground,Rollo,Robina,$4.81,28
881,Lemon Grass,Karyn,Vassily,$0.18,14
882,Sausage - Chorizo,Julieta,Baird,$5.85,70
883,"Water - Mineral, Carbonated",Reinaldo,Kennan,$1.98,88
884,Ecolab - Hobart Upr Prewash Arm,Siana,Regina,$8.46,97
885,Cup - 8oz Coffee Perforated,Baily,Clarey,$2.82,28
886,Appetizer - Asian Shrimp Roll,Gage,Tadio,$8.06,96
887,Mushroom - King Eryingii,Raynell,Claresta,$1.02,17
888,Compound - Pear,Enoch,Ode,$9.20,4
889,Wine - Fino Tio Pepe Gonzalez,Sydel,Maegan,$1.73,69
890,Kellogs Cereal In A Cup,Joni,Lilias,$2.25,75
891,"Split Peas - Yellow, Dry",Lorna,Karoly,$1.80,88
892,"Marsala - Sperone, Fine, D.o.c.",Sheelagh,Jake,$4.55,80
893,French Pastries,Carmela,Lorne,$0.21,8
894,Tea - Decaf 1 Cup,Ariela,Tori,$1.43,90
895,Bread Roll Foccacia,Egor,Dorotea,$4.22,56
896,Cheese - Gouda Smoked,Bonni,Caro,$6.42,27
897,"Soup - Campbells, Creamy",Meghann,Ivonne,$6.87,36
898,Cleaner - Pine Sol,Jackie,Mychal,$3.02,2
899,Veal - Bones,Bette-ann,Clerissa,$0.73,80
900,Basil - Seedlings Cookstown,Florida,Farley,$4.58,66
901,Wine - Rhine Riesling Wolf Blass,Krissy,Adora,$5.79,94
902,Jam - Raspberry,Roxi,Benedicta,$5.88,54
903,"Wine - White, Gewurtzraminer",Tedi,Lillian,$7.18,100
904,Cake - Cake Sheet Macaroon,Drucie,Gawen,$6.86,27
905,"Beef - Rib Roast, Capless",Bord,Kippy,$3.02,38
906,Galliano,Audra,Trey,$0.81,37
907,Piping Jelly - All Colours,Danya,Crosby,$9.10,33
908,Cups 10oz Trans,Ardyth,Rolfe,$2.50,12
909,Wine - Barossa Valley Estate,Yves,Sheffield,$4.40,86
910,"Chicken - Leg, Fresh",Cash,Florri,$3.00,24
911,"Bread - Bagels, Mini",Romona,Carine,$5.18,59
912,Star Fruit,Adham,Birdie,$7.59,41
913,Spice - Greek 1 Step,Elton,Brenda,$1.72,8
914,"Bread - Rolls, Rye",Karalynn,Ealasaid,$2.31,43
915,Wine - Masi Valpolocell,Mateo,Algernon,$9.10,18
916,Table Cloth 81x81 Colour,Rance,Belicia,$0.89,18
917,"Jam - Marmalade, Orange",Alys,Trip,$8.24,96
918,Veal - Loin,Tann,Philly,$0.65,23
919,Flavouring - Raspberry,Timofei,Elianora,$9.90,97
920,Sprouts - Alfalfa,Luise,Dennie,$4.35,24
921,Tray - 16in Rnd Blk,Wendye,Annora,$7.60,73
922,Blue Curacao - Marie Brizard,Gerti,Eleanore,$8.50,28
923,Table Cloth 54x54 Colour,Alvina,Elisa,$6.33,70
924,"Mushrooms - Black, Dried",Regina,Pearl,$1.51,65
925,Garbage Bags - Black,Kory,Lurleen,$4.00,57
926,"Bread - Rolls, Corn",Jeremiah,Jasun,$3.80,22
927,Ice Cream - Turtles Stick Bar,Sam,Linoel,$0.74,14
928,Transfer Sheets,Sybil,Amandy,$5.93,83
929,Wine - Savigny - Les - Beaune,Juliana,Padriac,$0.61,36
930,"Lamb - Shoulder, Boneless",Jessamyn,Jeramie,$4.03,36
931,Beef - Striploin Aa,Fernande,Brand,$1.44,2
932,Skirt - 24 Foot,Guenevere,Helsa,$0.57,44
933,"Apple - Delicious, Red",Lindie,Joan,$8.33,90
934,Pepper - Green Thai,Pam,Sky,$4.17,86
935,Creamers - 10%,Pascal,Leona,$9.39,81
936,Tea - Jasmin Green,Valerie,Daniela,$4.75,61
937,Cheese - Brick With Onion,Mandy,Earle,$6.09,4
938,Yeast Dry - Fermipan,Guenevere,Gwenore,$7.79,61
939,Longos - Grilled Salmon With Bbq,Neville,Eadie,$4.55,23
940,Ecolab - Mikroklene 4/4 L,Amalea,Winni,$8.69,57
941,Gatorade - Lemon Lime,Binky,Korie,$5.98,57
942,Juice - Orangina,Jorry,Lenette,$0.78,67
943,Arizona - Plum Green Tea,Morris,Guillaume,$2.52,93
944,"Beef - Rouladin, Sliced",Witty,Noah,$2.39,51
945,Dawn Professionl Pot And Pan,Corri,Maurise,$0.43,51
946,Arctic Char - Fillets,Damiano,Violet,$8.15,13
947,"Coconut - Shredded, Unsweet",Greggory,Cleo,$9.03,62
948,Soup Campbells - Italian Wedding,Gael,Zacharie,$6.79,40
949,"Pepper - White, Ground",North,Gloriane,$8.50,34
950,"Beans - Kidney, Canned",Pandora,Aimil,$6.07,29
951,Horseradish - Prepared,Ingram,Lodovico,$0.51,45
952,"Wine - White, Pelee Island",Caro,Hersch,$4.31,82
953,Jolt Cola - Electric Blue,Micheline,Sybil,$1.61,20
954,Potatoes - Idaho 100 Count,Marnie,Hilary,$2.71,34
955,Beef - Tenderloin Tails,Ginny,Ermina,$0.10,72
956,Ecolab - Lime - A - Way 4/4 L,Carny,Dionis,$5.06,65
957,"Mushroom - Trumpet, Dry",Bendite,Ana,$8.95,12
958,Pears - Fiorelle,Parnell,Ruth,$8.28,57
959,Carbonated Water - Strawberry,Hodge,Eveleen,$8.25,52
960,"Appetizer - Spring Roll, Veg",Nicolai,Francklyn,$6.64,74
961,"Hickory Smoke, Liquid",Marcellina,Terrence,$5.31,81
962,Glove - Cutting,Thomasine,Kilian,$7.84,22
963,"Pepsi - Diet, 355 Ml",Grady,Shawna,$4.15,5
964,Jicama,Conway,Laird,$3.02,27
965,Jolt Cola,Casar,Richmound,$3.72,40
966,"Fish - Scallops, Cold Smoked",Erhart,Codie,$1.82,12
967,Tomatoes - Grape,Torrin,Ivan,$3.53,58
968,Nut - Pumpkin Seeds,Denny,Xena,$6.22,30
969,Pur Value,Loraine,Dillie,$8.20,18
970,"Vodka - Hot, Lnferno",Artemus,Natalee,$6.00,42
971,Sultanas,Leonelle,Rickie,$1.39,60
972,Cabbage - Red,Meg,Deloris,$1.22,46
973,Mackerel Whole Fresh,Opaline,Monroe,$7.02,56
974,Lid - 16 Oz And 32 Oz,Rowney,Cristabel,$6.19,11
975,Flour - Rye,Esra,Ellynn,$2.31,93
976,Apricots - Dried,Trenna,Mitzi,$8.12,8
977,"Ecolab - Orange Frc, Cleaner",Wheeler,Wendel,$8.73,10
978,"Bread - White, Sliced",Shanie,Cece,$4.93,21
979,"Cheese - Cheddar, Old White",Rozanna,Shena,$9.63,99
980,Eggplant - Regular,Bruis,Kipp,$6.24,19
981,Halibut - Steaks,Inna,Emilie,$8.96,76
982,Beans - Soya Bean,Corrie,Bron,$2.84,55
983,Muffin - Mix - Bran And Maple 15l,Cullie,Ekaterina,$1.69,41
984,Plastic Arrow Stir Stick,Davy,Ira,$0.09,44
985,Salt - Sea,Poul,Ted,$4.74,66
986,Tea Peppermint,Halley,Giacobo,$1.40,97
987,Tea - Herbal I Love Lemon,Ealasaid,Creigh,$1.13,17
988,Coffee - Cafe Moreno,Carmine,Maurizio,$2.62,96
989,Arizona - Green Tea,Hayes,Engelbert,$4.48,36
990,"Lettuce - Romaine, Heart",Retha,Quinlan,$5.92,100
991,Beef Dry Aged Tenderloin Aaa,Sarene,Luciano,$5.31,53
992,"Wine - Red, Harrow Estates, Cab",Luke,Miriam,$6.68,34
993,Salmon - Canned,Zack,Tamarah,$1.44,90
994,Blouse / Shirt / Sweater,Vin,Rodrigo,$5.09,36
995,Sprouts - Alfalfa,Lottie,Annabella,$1.57,87
996,Olives - Morracan Dired,Shaylah,Sherill,$4.86,99
997,Wine - Sogrape Mateus Rose,Jeremie,Jaquenetta,$5.42,75
998,Cardamon Seed / Pod,Laure,Paco,$6.42,30
999,Wine - Muscadet Sur Lie,Martie,Janek,$7.79,8
1000,Soup - Campbells Beef Noodle,Gabriella,Maurise,$0.37,22
