Langers - Ruby Red Grapfruit,958
Wine - Charddonnay Errazuriz,140
Shrimp - Black Tiger 8 - 12,513
Nut - Macadamia,775
"Vinegar - Balsamic, White",644
Sole - Iqf,849
"Cake Circle, Paprus",36
Pastry - Banana Tea Loaf,217
"Thyme - Lemon, Fresh",674
Rice Paper,415
"Napkin - Cocktail,beige 2 - Ply",527
Honey - Comb,235
Appetizer - Chicken Satay,283
Syrup - Monin - Granny Smith,519
"Turkey - Breast, Boneless Sk On",782
Beef - Ground Lean Fresh,264
Garbage Bags - Black,172
Lid Coffeecup 12oz D9542b,728
Wasabi Paste,609
Sultanas,454
Pepper - Red Bell,244
Coriander - Ground,517
Calypso - Lemonade,832
Crackers - Trio,894
Wine - Pinot Noir Latour,843
"Split Peas - Yellow, Dry",26
Sponge Cake Mix - Chocolate,124
"Pepper - White, Ground",655
Gatorade - Cool Blue Raspberry,595
Pastry - Chocolate Marble Tea,979
Pepper - Pablano,399
Beets - Mini Golden,468
Guava,912
"Soup - Knorr, Veg / Beef",759
Coffee Beans - Chocolate,119
English Muffin,694
Wine - Pinot Noir Stoneleigh,429
"Asparagus - Green, Fresh",364
"Shrimp - 21/25, Peel And Deviened",669
"Lobster - Baby, Boiled",903
Pan Grease,286
Filter - Coffee,653
Lid Coffee Cup 8oz Blk,236
Cheese - Sheep Milk,695
Island Oasis - Peach Daiquiri,34
Bread - Pumpernickel,549
Lemon Grass,59
Energy Drink - Redbull 355ml,645
Wine - Guy Sage Touraine,220
"Nut - Almond, Blanched, Sliced",319
Schnappes Peppermint - Walker,168
"Sauce - Soya, Dark",34
"Pepper - Green, Chili",758
Port - 74 Brights,830
Rhubarb,966
Coffee Cup 16oz Foam,404
Nantucket Orange Juice,924
Cake - Lemon Chiffon,755
Water - Perrier,478
Kiwi,406
Wine - Ice Wine,644
"Soup - French Onion, Dry",338
Wine - Magnotta - Cab Sauv,642
Sour Puss Raspberry,388
"Juice - Apple, 500 Ml",862
Clams - Canned,187
Longos - Cheese Tortellini,700
"Turkey - Breast, Smoked",337
Clams - Canned,283
Mushroom - Lg - Cello,809
"Beets - Candy Cane, Organic",608
Compound - Passion Fruit,341
Carbonated Water - Strawberry,821
Broccoli - Fresh,782
"Lentils - Red, Dry",286
Cup - 8oz Coffee Perforated,766
Glycerine,305
Sunflower Seed Raw,789
Cookies Cereal Nut,680
Puree - Pear,979
Beef - Inside Round,599
Lamb - Shanks,341
Wine - Vouvray Cuvee Domaine,941
"Flour - Corn, Fine",505
"Tabasco Sauce, 2 Oz",369
Pears - Bosc,997
Spring Roll Wrappers,445
Chocolate Liqueur - Godet White,608
Cheese - Brie,202
Kellogs Special K Cereal,519
Yoghurt Tubes,517
Bread - Italian Corn Meal Poly,242
Wine - Casablanca Valley,904
Munchies Honey Sweet Trail Mix,28
Dragon Fruit,26
"Crush - Orange, 355ml",79
Nestea - Iced Tea,787
Chinese Lemon Pork,155
Longos - Chicken Caeser Salad,20
Buffalo - Short Rib Fresh,76
Pears - Fiorelle,562
Ice Cream Bar - Rolo Cone,572
Beef - Ground Lean Fresh,349
Goulash Seasoning,714
Capicola - Hot,678
Calypso - Black Cherry Lemonade,125
"Syrup - Monin, Irish Cream",206
Milk - Buttermilk,65
Rice Wine - Aji Mirin,761
Tomato Puree,647
Apron,272
Pails With Lids,937
"Pasta - Tortellini, Fresh",331
Juice - Ocean Spray Kiwi,661
Sage - Rubbed,441
Wine - Cotes Du Rhone Parallele,456
"Tray - Foam, Square 4 - S",697
"Asparagus - White, Canned",170
Bread - Multigrain,717
"Veal - Inside, Choice",67
Pepper - Scotch Bonnet,887
Wine - Charddonnay Errazuriz,850
Quinoa,992
Carroway Seed,282
Longos - Chicken Wings,536
Foam Espresso Cup Plain White,450
"Lamb - Whole, Fresh",629
"Bread - Rolls, Rye",838
Energy Drink Bawls,824
"Oil - Olive, Extra Virgin",72
Soap - Hand Soap,608
Lidsoupcont Rp12dn,500
Radish - Pickled,689
Bread - Granary Small Pull,379
Tomato - Tricolor Cherry,312
"Sauce - Gravy, Au Jus, Mix",159
Sherbet - Raspberry,245
Fuji Apples,43
Wine - Shiraz South Eastern,214
"Hickory Smoke, Liquid",515
Cheese - Goat,217
Chips Potato All Dressed - 43g,215
Wine - Casillero Deldiablo,627
Ginsing - Fresh,726
"Jam - Marmalade, Orange",726
Beer - Camerons Cream Ale,62
Glycerine,92
"Lid - High Heat, Super Clear",22
Muffin - Blueberry Individual,581
"Ranchero - Primerba, Paste",919
Soy Protein,985
Table Cloth 54x54 White,322
Parasol Pick Stir Stick,919
Cheese - Mascarpone,794
Baking Powder,494
"Tarragon - Primerba, Paste",117
Pepper - Scotch Bonnet,290
Oil - Olive Bertolli,655
Bread - Raisin Walnut Oval,81
Wine - Rosso Del Veronese Igt,790
Sobe - Lizard Fuel,290
Yukon Jack,981
Bread - Mini Hamburger Bun,823
Latex Rubber Gloves Size 9,151
Lemon Balm - Fresh,36
"Wine - Red, Antinori Santa",108
"Wine - White, Schroder And Schyl",777
Sea Urchin,338
Red Currants,705
Sugar - Brown,132
Muffin Hinge Container 6,315
Lemon Balm - Fresh,138
"Sugar - Brown, Individual",326
The Pop Shoppe - Root Beer,379
Paper Cocktail Umberlla 80 - 180,135
Rum - Mount Gay Eclipes,534
Syrup - Monin - Blue Curacao,491
Sauce - Fish 25 Ozf Bottle,607
Soup Campbells,164
Beef - Texas Style Burger,798
Bread Base - Italian,495
Versatainer Nc - 9388,854
"Wine - Red, Pinot Noir, Chateau",840
Pastry - Baked Scones - Mini,779
Cheese - Ricotta,314
Gatorade - Lemon Lime,187
"Iced Tea - Lemon, 460 Ml",640
"Pepper - Chipotle, Canned",946
"Wine - Red, Pinot Noir, Chateau",596
Instant Coffee,150
Caviar - Salmon,336
Gatorade - Lemon Lime,688
Bread - Calabrese Baguette,161
Water - Aquafina Vitamin,168
Creme De Banane - Marie,120
Lotus Leaves,579
Peas Snow,797
Pork - Backfat,735
Cranberries - Fresh,366
Irish Cream - Butterscotch,35
"Vermouth - White, Cinzano",507
Pumpkin,850
"Pasta - Cappellini, Dry",263
Cheese - Stilton,860
V8 Splash Strawberry Kiwi,763
"Beef - Bones, Marrow",654
Buttons,758
Water - Aquafina Vitamin,858
Calaloo,921
Muffin Batt - Choc Chk,469
Cheese Cloth,81
"Apple - Delicious, Golden",104
Cactus Pads,207
Table Cloth 120 Round White,500
Buttons,509
Lettuce - Lambs Mash,290
Oil - Coconut,831
Cognac - Courvaisier,66
Sponge Cake Mix - Chocolate,744
Pizza Pizza Dough,713
Nutmeg - Ground,672
Creme De Menthe Green,11
Plaintain,595
Grapes - Black,34
Alize Sunset,814
Garlic - Peeled,610
Wine - Barossa Valley Estate,395
Veal - Knuckle,266
Iced Tea Concentrate,305
Ham - Virginia,812
"Lamb - Pieces, Diced",496
"Wine - Red, Pinot Noir, Chateau",486
Macaroons - Two Bite Choc,186
"Tart Shells - Savory, 3",748
Bulgar,956
"Cheese - Boursin, Garlic / Herbs",588
Table Cloth 120 Round White,321
Ham - Virginia,322
Tomatoes Tear Drop,649
Pepper - Gypsy Pepper,357
Catfish - Fillets,829
Mushroom - Porcini Frozen,751
Cheese - Taleggio D.o.p.,10
Wine - Merlot Vina Carmen,503
Octopus,311
Dried Cherries,843
Corn - On The Cob,368
Wine - Carmenere Casillero Del,486
Laundry - Bag Cloth,249
Bread - Multigrain,545
Cheese Cloth,330
Beer - Upper Canada Light,734
Cream - 35%,171
"Pasta - Fusili, Dry",844
"Veal - Round, Eye Of",872
Cheese - Bocconcini,512
"Juice - Orange, Concentrate",723
"Pepper - Paprika, Spanish",20
Sauce - Soy Low Sodium - 3.87l,59
Plums - Red,323
Gingerale - Diet - Schweppes,593
Soup Campbells - Tomato Bisque,858
Beans - Yellow,812
Red Pepper Paste,50
"Brandy - Orange, Mc Guiness",875
Cheese - Roquefort Pappillon,934
Bread - Wheat Baguette,124
Orange - Tangerine,239
"Wine - White, Colubia Cresh",756
"Pasta - Fettuccine, Egg, Fresh",611
Grouper - Fresh,234
Turkey - Oven Roast Breast,396
Syrup - Kahlua Chocolate,651
Basil - Fresh,28
Fudge - Cream Fudge,650
"Pepper - Julienne, Frozen",256
Eel Fresh,76
Ice Cream - Super Sandwich,672
Kiwano,947
Lighter - Bbq,581
Garam Masala Powder,600
Schnappes Peppermint - Walker,735
Cheese - Le Cru Du Clocher,664
Tea - Camomele,694
Hog / Sausage Casing - Pork,300
Oven Mitt - 13 Inch,13
Rosemary - Dry,594
Lettuce - Belgian Endive,273
"Tendrils - Baby Pea, Organic",863
"Bread - Crumbs, Bulk",94
Tomato - Tricolor Cherry,272
Eel - Smoked,524
"Pepper - Black, Crushed",864
"Pasta - Orzo, Dry",703
Pea - Snow,822
Clams - Bay,739
Chicken - White Meat With Tender,657
Wine - Balbach Riverside,104
Liqueur - Melon,113
"Bread - Sticks, Thin, Plain",555
Nori Sea Weed,418
"Beans - Black Bean, Canned",43
Beef - Top Butt Aaa,970
Wine - Magnotta - Cab Franc,476
"Dill - Primerba, Paste",411
"Basil - Dry, Rubbed",438
Sansho Powder,141
Pop Shoppe Cream Soda,916
Black Currants,347
Evaporated Milk - Skim,330
Bar Nature Valley,448
Mountain Dew,640
Wine - Alsace Gewurztraminer,226
Wine - Piper Heidsieck Brut,631
Wine - Tio Pepe Sherry Fino,465
Versatainer Nc - 9388,241
Coffee - Decafenated,172
Soap - Pine Sol Floor Cleaner,564
Liquid Aminios Acid - Braggs,728
Pail For Lid 1537,74
Berry Brulee,991
Tomato Paste,461
Pork - Backfat,220
Puree - Blackcurrant,401
Pie Pecan,852
Energy Drink,822
Puree - Guava,52
Beer - Moosehead,101
Hot Chocolate - Individual,808
"Lemonade - Natural, 591 Ml",632
Chicken Thigh - Bone Out,943
Cheese - Cream Cheese,336
"Oranges - Navel, 72",746
"Plate - Foam, Bread And Butter",605
"Beets - Candy Cane, Organic",146
"Pasta - Bauletti, Chicken White",683
"Capon - Breast, Double, Wing On",22
Worcestershire Sauce,573
Nut - Macadamia,128
"Wine - Red, Metus Rose",835
Nori Sea Weed - Gold Label,567
Herb Du Provence - Primerba,734
Lamb Rack - Ontario,945
Steam Pan - Half Size Deep,577
Bag Clear 10 Lb,835
"Cookies - Oreo, 4 Pack",712
Table Cloth 91x91 Colour,625
Rosemary - Fresh,833
Flower - Commercial Bronze,475
"Chilli Paste, Sambal Oelek",316
Vinegar - Sherry,272
Pancetta,114
Syrup - Pancake,709
"Stock - Beef, Brown",222
Lemons,457
Chicken Thigh - Bone Out,659
Pie Filling - Pumpkin,916
Fond - Neutral,807
Foam Espresso Cup Plain White,925
"Lamb - Leg, Diced",636
Veal - Kidney,346
"Pork - Tenderloin, Fresh",442
Cream - 10%,229
"Turkey - Breast, Bone - In",720
"Noodles - Cellophane, Thin",978
Oil - Hazelnut,976
Red Currant Jelly,75
Jam - Apricot,180
"Napkin - Beverge, White 2 - Ply",213
Apple - Fuji,333
Pear - Halves,775
"Asparagus - White, Canned",595
Rolled Oats,911
Cheese - Le Cheve Noir,702
Lettuce - California Mix,384
"Mushroom - Shitake, Dry",563
Momiji Oroshi Chili Sauce,508
Urban Zen Drinks,61
Cookies - Englishbay Wht,468
Tomato - Green,905
"Rum - Spiced, Captain Morgan",457
Ecolab - Balanced Fusion,489
Oil - Peanut,882
"Wine - White, Chardonnay",555
"Ice - Clear, 300 Lb For Carving",647
"Beer - Alexander Kieths, Pale Ale",695
Mustard - Seed,607
Mushroom - King Eryingii,157
Pimento - Canned,431
"Bar Mix - Pina Colada, 355 Ml",554
Beef - Flank Steak,743
Flour - Pastry,757
Flour - Teff,594
Bread - Granary Small Pull,565
Cheese - Cambozola,50
Foam Espresso Cup Plain White,259
Cheese Cloth,57
Sloe Gin - Mcguinness,768
Tamarillo,150
Chicken - Whole Roasting,675
Teriyaki Sauce,220
"Nut - Almond, Blanched, Whole",977
"Mustard - Dry, Powder",539
Water - Tonic,214
Mushroom - Porcini Frozen,821
"Syrup - Monin, Swiss Choclate",908
"Wine - Harrow Estates, Vidal",480
"Crab - Dungeness, Whole",145
Beef - Striploin,690
Gatorade - Orange,391
Muffin Mix - Lemon Cranberry,674
Sauce - Hp,813
Calypso - Pineapple Passion,244
Water - San Pellegrino,301
Blackberries,340
Crackers - Graham,276
Pork Loin Bine - In Frenched,537
Dip - Tapenade,514
Garbage Bag - Clear,863
Capers - Ox Eye Daisy,667
Alize Gold Passion,945
"Sauce - Soya, Dark",396
Wine - Chateauneuf Du Pape,969
"Wine - Red, Gallo, Merlot",194
Pate - Peppercorn,884
Energy - Boo - Koo,159
Salt - Seasoned,152
"Salmon - Atlantic, No Skin",264
Garbage Bags - Black,770
Pepper - Gypsy Pepper,51
Spinach - Spinach Leaf,743
Coffee Caramel Biscotti,961
Mikes Hard Lemonade,223
Daves Island Stinger,434
Tea Leaves - Oolong,822
Lobster - Tail 6 Oz,319
Gelatine Leaves - Bulk,64
Caviar - Salmon,103
Syrup - Pancake,622
Pastry - Baked Cinnamon Stick,660
"Pail - 4l White, With Handle",524
Water - Tonic,49
Nut - Macadamia,957
Parasol Pick Stir Stick,925
Banana Turning,511
Cheese - St. Andre,846
Pasta - Cheese / Spinach Bauletti,427
Numi - Assorted Teas,777
Straws - Cocktale,282
Wine - Vidal Icewine Magnotta,218
Cabbage Roll,156
Nut - Pumpkin Seeds,611
Flavouring Vanilla Artificial,848
Pastry - Mini French Pastries,636
Bamboo Shoots - Sliced,351
Mountain Dew,769
Clementine,163
"Tart Shells - Sweet, 3",887
Pop - Club Soda Can,804
Muffin - Bran Ind Wrpd,942
Sage - Fresh,605
Onions - Vidalia,656
"Beans - Kidney, Red Dry",135
Lidsoupcont Rp12dn,926
"Chocolate - Pistoles, Lactee, Milk",553
Banana Turning,403
Beer - Sleemans Cream Ale,647
"Pepper - White, Whole",986
Cookies - Fortune,195
Samosa - Veg,550
"Beans - Navy, Dry",311
Flour - Whole Wheat,188
"Pasta - Fettuccine, Dry",932
Bread - Bistro Sour,295
Wine - Cotes Du Rhone,64
"Radish - Black, Winter, Organic",577
"Salmon - Whole, 4 - 6 Pounds",798
Taro Root,372
Garam Marsala,66
Dikon,322
Irish Cream - Butterscotch,490
Tea - Vanilla Chai,71
Taro Leaves,971
Cookie Trail Mix,360
Quail - Jumbo,151
Lobster - Base,56
Sauce - Hollandaise,209
Containter - 3oz Microwave Rect.,787
Dooleys Toffee,467
True - Vue Containers,515
Mousse - Passion Fruit,72
"Juice - Apple, 1.36l",730
Sprouts - China Rose,81
Ham Black Forest,154
Bread - Italian Sesame Poly,284
Energy Drink - Redbull 355ml,388
Mace,526
Milk - Condensed,607
Chips - Doritos,18
"Gingerale - Schweppes, 355 Ml",849
